branch_group,is_cross_branch,num_pairs,mean_abs_spearman,max_abs_spearman,mean_abs_pearson,max_abs_pearson,num_flagged_pairs
Intra-A,False,561,0.3754148992885638,0.9901083303983732,0.3445413495213325,0.9946433915659542,27
Intra-B,False,435,0.5737708571214654,0.9542432475608119,0.5369535992918015,0.9521609092372726,29
Intra-C_LBP,False,120,0.44029784556420815,1.0,0.44687180552126105,1.0,9
Intra-D_MFR,False,10,0.78594772018693,0.9999939549984888,0.6507939161387116,0.9646906241545273,3
Intra-E,False,325,0.38535865148903725,0.9999918819979705,0.35728976317059874,0.9999951217236089,22
Inter-A<->B,True,1020,0.2965850110507263,0.774678312169578,0.27431153941418446,0.740449908387452,0
Inter-A<->C_LBP,True,544,0.26214588839271313,0.703419343854836,0.22561134315377243,0.633059780729366,0
Inter-A<->D_MFR,True,170,0.42311735668132594,0.8333258788314697,0.3709759192227315,0.7934963884597941,0
Inter-A<->E,True,884,0.3359805621729441,0.8333056163888937,0.3007554809839578,0.8079088621621339,0
Inter-B<->C_LBP,True,480,0.30311133379135635,0.8037712182611488,0.2933223226458626,0.8265494194068007,0
Inter-B<->D_MFR,True,150,0.5725341357042701,0.9328447792111948,0.50946203175798,0.9254679219765187,2
Inter-B<->E,True,780,0.41252803136630567,0.9511653307913327,0.3811225500815005,0.9571839004728174,9
Inter-C_LBP<->D_MFR,True,80,0.4467345825687641,0.8244702851645852,0.4030975988248923,0.8142941036269379,0
Inter-C_LBP<->E,True,416,0.31286033024280335,0.8131545496143596,0.30092925009595156,0.8324802919750318,0
Inter-D_MFR<->E,True,130,0.5211313612696996,0.9369009467252367,0.45307494637139833,0.9288422895818277,3
