index,name,branch,sub_branch,auc_clean,auc_q95,auc_q80,auc_q60,auc_q40,auc_q20,auc_mean_compressed,auc_worst_compressed,auc_retention_q60,auc_retention_q20,is_compression_robust
89,dct_low_freq_ratio,E,E1_DCT,0.7160493827160493,0.7179987004548407,0.7166991552956465,0.7037037037037037,0.6965562053281352,0.6790123456790124,0.7027940220922677,0.6790123456790124,0.9827586206896552,0.9482758620689656,True
90,dct_mid_freq_ratio,E,E1_DCT,0.7069525666016894,0.7115009746588694,0.7121507472384665,0.7076023391812866,0.7011046133853152,0.6796621182586094,0.7024041585445093,0.6796621182586094,1.0009191176470589,0.9613970588235294,True
91,dct_high_freq_ratio,E,E1_DCT,0.7433398310591293,0.7478882391163093,0.7257959714100065,0.673164392462638,0.6380766731643924,0.6179337231968811,0.6805717998700456,0.6179337231968811,0.9055944055944056,0.8312937062937064,True
37,LH3_absmean,B,B_HAAR,0.6686159844054581,0.6686159844054581,0.6686159844054581,0.6692657569850553,0.6692657569850552,0.6686159844054581,0.6688758934372969,0.6686159844054581,1.000971817298348,1.0,True
36,LH3_energy,B,B_HAAR,0.6601689408706952,0.6595191682910981,0.6601689408706952,0.6608187134502924,0.6601689408706952,0.6621182586094867,0.6605588044184535,0.6595191682910981,1.000984251968504,1.0029527559055118,True
39,HL3_energy,B,B_HAAR,0.6491228070175439,0.6504223521767382,0.6510721247563352,0.6510721247563352,0.6523716699155295,0.6536712150747238,0.6517218973359324,0.6504223521767382,1.0030030030030028,1.007007007007007,True
68,lbp_bin_4,C_LBP,C_LBP,0.7121507472384665,0.7134502923976609,0.6614684860298895,0.635477582846004,0.6322287199480181,0.5893437296946069,0.6463937621832359,0.5893437296946069,0.8923357664233578,0.8275547445255476,True
70,lbp_bin_6,C_LBP,C_LBP,0.6159844054580896,0.6341780376868096,0.6549707602339181,0.6881091617933723,0.6478232618583496,0.5799220272904484,0.6410006497725795,0.5799220272904484,1.1170886075949369,0.9414556962025318,True
109,grid_strength,E,E4_GRID,0.5750487329434698,0.5795971410006497,0.6107862248213125,0.6549707602339181,0.6868096166341779,0.672514619883041,0.6409356725146199,0.5795971410006497,1.1389830508474574,1.1694915254237288,True
78,lbp_std_code,C_LBP,C_LBP,0.7407407407407407,0.7043534762833008,0.6562703053931124,0.6309291747888239,0.6036387264457439,0.5815464587394412,0.6353476283300845,0.5815464587394412,0.8517543859649124,0.7850877192982457,True
63,detail_energy_ratio,B,B_HAAR,0.6335282651072124,0.6341780376868096,0.6328784925276154,0.6341780376868096,0.6348278102664068,0.6348278102664068,0.6341780376868097,0.6328784925276154,1.001025641025641,1.0020512820512821,True
86,dct_ac_energy,E,E1_DCT,0.6283300844704354,0.6270305393112411,0.6289798570500325,0.6322287199480181,0.6367771280051981,0.6432748538011696,0.6336582196231318,0.6270305393112411,1.0062047569803514,1.0237849017580143,True
94,dct_block_var_mean,E,E1_DCT,0.6289798570500325,0.6283300844704354,0.6289798570500325,0.6322287199480181,0.6354775828460039,0.6426250812215725,0.6335282651072125,0.6283300844704354,1.0051652892561982,1.021694214876033,True
38,LH3_entropy,B,B_HAAR,0.6348278102664068,0.6328784925276154,0.6393762183235868,0.6283300844704354,0.6289798570500325,0.635477582846004,0.6330084470435349,0.6283300844704354,0.9897645854657113,1.001023541453429,True
42,HH3_energy,B,B_HAAR,0.6296296296296297,0.6296296296296297,0.6283300844704354,0.6309291747888239,0.6289798570500325,0.6296296296296297,0.6294996751137102,0.6283300844704354,1.0020639834881322,1.0,True
64,lbp_bin_0,C_LBP,C_LBP,0.7491877842755036,0.7063027940220923,0.6536712150747238,0.6231319038336582,0.5971410006497726,0.5617283950617283,0.628395061728395,0.5617283950617283,0.8317432784041631,0.7497831743278404,False
45,LH2_energy,B,B_HAAR,0.6289798570500325,0.6283300844704353,0.6276803118908382,0.6283300844704353,0.6263807667316439,0.6289798570500325,0.627940220922677,0.6263807667316439,0.9989669421487603,1.0,True
46,LH2_absmean,B,B_HAAR,0.6276803118908382,0.6283300844704354,0.6283300844704354,0.6263807667316439,0.6244314489928525,0.6211825860948668,0.6257309941520468,0.6211825860948668,0.9979296066252588,0.989648033126294,True
10,synth_r_p8_x_mean,A,A2_SYNTH,0.6920077972709551,0.7134502923976608,0.6900584795321638,0.6146848602988955,0.5737491877842755,0.5250162443144899,0.6233918128654972,0.5250162443144899,0.8882629107981223,0.7586854460093897,True
79,lbp_nonuniform_ratio,C_LBP,C_LBP,0.7628330084470436,0.7173489278752436,0.6595191682910981,0.6254061078622482,0.5958414554905783,0.51591942820013,0.6228070175438596,0.51591942820013,0.8198466780238499,0.6763202725724021,False
73,lbp_bin_nonuniform,C_LBP,C_LBP,0.7628330084470436,0.7173489278752436,0.6595191682910981,0.6254061078622482,0.5958414554905783,0.51591942820013,0.6228070175438596,0.51591942820013,0.8198466780238499,0.6763202725724021,False
30,synth_b_p8_x_mean,A,A2_SYNTH,0.686809616634178,0.7102014294996751,0.6920077972709552,0.6153346328784925,0.5724496426250811,0.5230669265756984,0.6226120857699805,0.5230669265756984,0.8959318826868495,0.7615894039735098,True
2,fft_high_freq_ratio,A,A1_FFT,0.6465237166991553,0.6510721247563352,0.6413255360623782,0.6159844054580896,0.5997400909681612,0.5925925925925926,0.6201429499675113,0.5925925925925926,0.9527638190954774,0.9165829145728642,True
40,HL3_absmean,B,B_HAAR,0.6198830409356726,0.6192332683560753,0.6205328135152697,0.6211825860948668,0.6198830409356725,0.6192332683560753,0.6200129954515919,0.6192332683560753,1.0020964360587001,0.9989517819706496,True
107,grid_h_ratio,E,E4_GRID,0.5763482781026641,0.575698505523067,0.6270305393112411,0.6341780376868096,0.6328784925276153,0.6276803118908382,0.6194931773879142,0.575698505523067,1.1003382187147688,1.089064261555806,True
20,synth_g_p8_x_mean,A,A2_SYNTH,0.6874593892137751,0.7095516569200779,0.6790123456790123,0.6101364522417154,0.5737491877842755,0.5185185185185185,0.6181936322287199,0.5185185185185185,0.8875236294896031,0.7542533081285444,True
74,lbp_entropy,C_LBP,C_LBP,0.7361923326835608,0.6608187134502923,0.6809616634178037,0.6322287199480182,0.5990903183885641,0.5126705653021443,0.6171539961013646,0.5126705653021443,0.8587819947043248,0.6963812886142984,True
104,phase_corr_q75,E,E3_PHASE,0.5451591942820013,0.548408057179987,0.6985055230669266,0.6647173489278753,0.5808966861598441,0.5886939571150097,0.6162443144899286,0.548408057179987,1.2193087008343266,1.0798569725864122,True
43,HH3_absmean,B,B_HAAR,0.6127355425601039,0.6127355425601039,0.612735542560104,0.6120857699805068,0.6140350877192982,0.6185834957764782,0.6140350877192982,0.6120857699805068,0.9989395546129375,1.0095440084835632,True
6,synth_r_p2_d_mean,A,A2_SYNTH,0.5666016894087069,0.640675763482781,0.6569200779727096,0.5640025990903184,0.6159844054580896,0.5776478232618584,0.6110461338531514,0.5640025990903184,0.9954128440366973,1.0194954128440368,True
16,synth_g_p2_d_mean,A,A2_SYNTH,0.6036387264457439,0.6432748538011696,0.6660168940870694,0.5763482781026641,0.5964912280701754,0.571150097465887,0.610656270305393,0.571150097465887,0.954790096878364,0.9461786867599571,True
106,phase_hf_stability_q90,E,E3_PHASE,0.5951916829109811,0.5789473684210527,0.6471734892787524,0.6185834957764782,0.6062378167641325,0.5880441845354125,0.6077972709551658,0.5789473684210527,1.039301310043668,0.9879912663755458,True
105,phase_diff_energy_q90,E,E3_PHASE,0.5925925925925926,0.5789473684210527,0.6465237166991553,0.6159844054580897,0.6088369070825211,0.5880441845354125,0.6076673164392463,0.5789473684210527,1.0394736842105265,0.9923245614035087,True
75,lbp_uniformity,C_LBP,C_LBP,0.672514619883041,0.6133853151397011,0.6848602988953867,0.6400259909031838,0.5971410006497726,0.5029239766081872,0.6076673164392463,0.5029239766081872,0.9516908212560384,0.7478260869565219,True
103,phase_corr_q90,E,E3_PHASE,0.5893437296946069,0.5763482781026641,0.6432748538011696,0.6153346328784925,0.6055880441845354,0.5873944119558154,0.6055880441845354,0.5763482781026641,1.0441014332965821,0.9966923925027562,True
26,synth_b_p2_d_mean,A,A2_SYNTH,0.5847953216374269,0.6042884990253411,0.6673164392462638,0.5724496426250812,0.6049382716049383,0.5756985055230669,0.6049382716049383,0.5724496426250812,0.978888888888889,0.9844444444444445,True
4,synth_r_p2_x_mean,A,A2_SYNTH,0.6796621182586096,0.5159194282001299,0.6751137102014295,0.6458739441195581,0.6374269005847952,0.5198180636777128,0.5988304093567252,0.5159194282001299,0.9502868068833651,0.7648183556405352,True
48,HL2_energy,B,B_HAAR,0.5977907732293697,0.5977907732293697,0.5984405458089669,0.599090318388564,0.5945419103313839,0.5997400909681612,0.5979207277452891,0.5945419103313839,1.0021739130434784,1.0032608695652174,True
14,synth_g_p2_x_mean,A,A2_SYNTH,0.6621182586094867,0.5029239766081872,0.6777128005198181,0.6517218973359324,0.6374269005847952,0.51591942820013,0.5971410006497726,0.5029239766081872,0.9842983316977428,0.7791952894995094,True
24,synth_b_p2_x_mean,A,A2_SYNTH,0.6673164392462639,0.5009746588693957,0.6816114359974008,0.6478232618583495,0.6354775828460039,0.51137102014295,0.59545159194282,0.5009746588693957,0.9707887049659198,0.7663096397273611,True
71,lbp_bin_7,C_LBP,C_LBP,0.6189083820662769,0.6634178037686809,0.6166341780376868,0.5854450942170241,0.560428849902534,0.5510071474983755,0.5953866146848602,0.5510071474983755,0.9459317585301837,0.890288713910761,True
21,synth_g_p8_y_mean,A,A2_SYNTH,0.7179987004548407,0.6517218973359324,0.6120857699805068,0.6114359974009097,0.5867446393762183,0.5139701104613386,0.5951916829109811,0.5139701104613386,0.85158371040724,0.7158371040723983,True
31,synth_b_p8_y_mean,A,A2_SYNTH,0.710201429499675,0.6432748538011696,0.6166341780376867,0.6107862248213125,0.5815464587394412,0.5165692007797271,0.5937621832358675,0.5165692007797271,0.8600182982616652,0.7273559011893871,True
11,synth_r_p8_y_mean,A,A2_SYNTH,0.7186484730344379,0.6445743989603638,0.6107862248213125,0.6114359974009097,0.5860948667966213,0.5126705653021442,0.5931124106562703,0.5126705653021442,0.8508137432188065,0.7133815551537069,True
66,lbp_bin_2,C_LBP,C_LBP,0.7150747238466537,0.6572449642625081,0.6218323586744638,0.5903183885640026,0.5666016894087069,0.5185185185185186,0.59090318388564,0.5185185185185186,0.8255338482507951,0.725124943207633,False
22,synth_g_p8_d_mean,A,A2_SYNTH,0.5977907732293697,0.5880441845354125,0.6198830409356725,0.5334632878492528,0.6042884990253411,0.6016894087069526,0.5894736842105263,0.5334632878492528,0.8923913043478262,1.006521739130435,False
12,synth_r_p8_d_mean,A,A2_SYNTH,0.5841455490578298,0.5756985055230669,0.6179337231968811,0.5172189733593242,0.6120857699805069,0.5893437296946069,0.5824561403508771,0.5172189733593242,0.8854282536151278,1.0088987764182424,False
69,lbp_bin_5,C_LBP,C_LBP,0.691358024691358,0.6751137102014295,0.596816114359974,0.5545808966861598,0.5217673814165041,0.5555555555555555,0.5807667316439246,0.5217673814165041,0.8021616541353384,0.8035714285714285,False
35,LL3_entropy,B,B_HAAR,0.5951916829109812,0.5919428200129955,0.6068875893437298,0.589993502274204,0.5549057829759585,0.5406107862248213,0.5768680961663418,0.5406107862248213,0.9912663755458514,0.9082969432314408,True
76,lbp_dominant_bin,C_LBP,C_LBP,0.5627030539311241,0.5055230669265757,0.622482131254061,0.6458739441195581,0.6000649772579597,0.507472384665367,0.5762833008447042,0.5055230669265757,1.1478060046189376,0.9018475750577366,True
108,grid_v_ratio,E,E4_GRID,0.5763482781026641,0.5705003248862898,0.5724496426250811,0.5776478232618584,0.5893437296946069,0.5646523716699154,0.5749187784275503,0.5646523716699154,1.0022547914317925,0.9797068771138667,True
32,synth_b_p8_d_mean,A,A2_SYNTH,0.6081871345029239,0.5893437296946069,0.6023391812865497,0.5230669265756984,0.5938921377517868,0.5588044184535412,0.5734892787524366,0.5230669265756984,0.860042735042735,0.9188034188034188,False
77,lbp_mean_code,C_LBP,C_LBP,0.6023391812865497,0.6306042884990253,0.5880441845354126,0.5601039636127355,0.5425601039636128,0.5360623781676412,0.5714749837556855,0.5360623781676412,0.9298813376483278,0.8899676375404529,True
65,lbp_bin_1,C_LBP,C_LBP,0.647498375568551,0.6276803118908383,0.583170890188434,0.5688758934372969,0.5445094217024041,0.5256660168940871,0.5699805068226121,0.5256660168940871,0.8785750125439036,0.811841445057702,True
47,LH2_entropy,B,B_HAAR,0.5549057829759584,0.5568551007147499,0.5601039636127356,0.567251461988304,0.5815464587394412,0.5782975958414556,0.5688109161793372,0.5568551007147499,1.0222482435597189,1.042154566744731,True
56,LH1_entropy,B,B_HAAR,0.5289148797920727,0.5328135152696556,0.5464587394411955,0.5692007797270956,0.5756985055230669,0.6179337231968811,0.5684210526315789,0.5328135152696556,1.0761670761670763,1.1683046683046685,True
98,ela_q60_mean,E,E2_RESP,0.5860948667966212,0.5867446393762183,0.5769980506822612,0.5893437296946069,0.5061728395061729,0.5737491877842755,0.566601689408707,0.5061728395061729,1.0055432372505544,0.9789356984478936,True
99,ela_q90_energy,E,E2_RESP,0.6003898635477583,0.6367771280051981,0.5705003248862898,0.5471085120207927,0.539311241065627,0.5380116959064327,0.5663417803768681,0.5380116959064327,0.9112554112554112,0.8961038961038961,False
17,synth_g_p4_x_mean,A,A2_SYNTH,0.562053281351527,0.5393112410656269,0.6601689408706952,0.5730994152046783,0.5555555555555556,0.50227420402859,0.5660818713450293,0.50227420402859,1.0196531791907513,0.8936416184971099,True
27,synth_b_p4_x_mean,A,A2_SYNTH,0.5425601039636128,0.5380116959064327,0.6621182586094867,0.571150097465887,0.5562053281351527,0.5022742040285899,0.5659519168291098,0.5022742040285899,1.0526946107784432,0.9257485029940118,True
82,mfr_energy,D_MFR,D_MFR,0.5860948667966212,0.5873944119558154,0.5880441845354125,0.5737491877842755,0.5562053281351527,0.5139701104613386,0.5638726445743989,0.5139701104613386,0.9789356984478936,0.8769401330376941,True
81,mfr_std,D_MFR,D_MFR,0.5860948667966212,0.5867446393762183,0.5880441845354125,0.5737491877842755,0.5562053281351527,0.5139701104613386,0.5637426900584795,0.5139701104613386,0.9789356984478936,0.8769401330376941,True
101,ela_ratio_q90_q75,E,E2_RESP,0.5750487329434697,0.6159844054580896,0.5562053281351527,0.5172189733593242,0.5620532813515269,0.5620532813515269,0.5627030539311241,0.5172189733593242,0.8994350282485877,0.9774011299435028,False
7,synth_r_p4_x_mean,A,A2_SYNTH,0.5315139701104613,0.5139701104613386,0.6627680311890838,0.571799870045484,0.5588044184535412,0.5009746588693957,0.5616634178037687,0.5009746588693957,1.075794621026895,0.9425427872860637,True
62,HH1_entropy,B,B_HAAR,0.640675763482781,0.6159844054580896,0.5627030539311242,0.571799870045484,0.5523066926575698,0.5042235217673814,0.5614035087719298,0.5042235217673814,0.8924949290060852,0.7870182555780934,True
85,dct_ac_mean_abs,E,E1_DCT,0.5224171539961013,0.5217673814165043,0.5425601039636128,0.5607537361923326,0.5802469135802469,0.5984405458089669,0.5607537361923327,0.5217673814165043,1.0733830845771144,1.1455223880597016,True
61,HH1_absmean,B,B_HAAR,0.6133853151397011,0.608836907082521,0.5847953216374269,0.5542560103963612,0.5230669265756984,0.5159194282001299,0.5573749187784275,0.5159194282001299,0.9036016949152541,0.8411016949152542,True
49,HL2_absmean,B,B_HAAR,0.5542560103963612,0.5542560103963612,0.5562053281351527,0.5555555555555556,0.5536062378167641,0.5536062378167641,0.5546458739441196,0.5536062378167641,1.0023446658851116,0.9988276670574444,True
15,synth_g_p2_y_mean,A,A2_SYNTH,0.5178687459389214,0.6237816764132553,0.5782975958414555,0.5061728395061729,0.5432098765432098,0.51591942820013,0.5534762833008446,0.5061728395061729,0.9774153074027604,0.9962358845671269,False
60,HH1_energy,B,B_HAAR,0.5938921377517868,0.5984405458089668,0.5828460038986354,0.5497076023391813,0.5172189733593242,0.5152696556205328,0.5526965562053281,0.5152696556205328,0.925601750547046,0.8676148796498907,False
80,mfr_absmean,D_MFR,D_MFR,0.5964912280701754,0.5958414554905782,0.5776478232618583,0.5523066926575698,0.5276153346328785,0.5094217024041585,0.5525666016894087,0.5094217024041585,0.9259259259259259,0.8540305010893247,True
84,mfr_entropy,D_MFR,D_MFR,0.6244314489928525,0.6114359974009096,0.5795971410006497,0.5425601039636128,0.5042235217673814,0.5250162443144899,0.5525666016894086,0.5042235217673814,0.8688865764828304,0.8407908428720082,False
55,LH1_absmean,B,B_HAAR,0.53411306042885,0.5360623781676414,0.5393112410656271,0.5445094217024041,0.55685510071475,0.5789473684210525,0.5511371020142951,0.5360623781676414,1.019464720194647,1.0839416058394158,False
5,synth_r_p2_y_mean,A,A2_SYNTH,0.5516569200779727,0.6010396361273554,0.5808966861598441,0.5133203378817413,0.5367121507472384,0.5159194282001299,0.5495776478232618,0.5133203378817413,0.9305064782096581,0.9352179034157831,False
8,synth_r_p4_y_mean,A,A2_SYNTH,0.5568551007147499,0.5354126055880442,0.5919428200129955,0.5601039636127355,0.5490578297595842,0.5048732943469786,0.5482781026640675,0.5048732943469786,1.0058343057176196,0.9066511085180864,True
9,synth_r_p4_d_mean,A,A2_SYNTH,0.5880441845354125,0.6010396361273554,0.5458089668615984,0.5172189733593242,0.5549057829759585,0.5224171539961013,0.5482781026640675,0.5172189733593242,0.8795580110497239,0.8883977900552487,False
29,synth_b_p4_d_mean,A,A2_SYNTH,0.6029889538661468,0.6049382716049383,0.5464587394411956,0.5016244314489928,0.552956465237167,0.5237166991552956,0.5459389213775179,0.5016244314489928,0.8318965517241379,0.8685344827586207,False
0,fft_low_freq_ratio,A,A1_FFT,0.5568551007147499,0.5555555555555556,0.5562053281351526,0.5451591942820013,0.5399610136452241,0.5328135152696556,0.5459389213775179,0.5328135152696556,0.9789964994165694,0.9568261376896149,False
100,ela_slope_q90_q75,E,E2_RESP,0.5958414554905782,0.580896686159844,0.5432098765432098,0.5055230669265757,0.5185185185185185,0.580896686159844,0.5458089668615984,0.5055230669265757,0.8484187568157034,0.974918211559433,False
33,synth_b_fft_highfreq_ratio,A,A2_SYNTH,0.6062378167641326,0.5542560103963612,0.5269655620532814,0.5445094217024041,0.5035737491877843,0.5971410006497726,0.5452891487979207,0.5035737491877843,0.8981779206859591,0.984994640943194,False
13,synth_r_fft_highfreq_ratio,A,A2_SYNTH,0.6081871345029239,0.5451591942820013,0.530214424951267,0.5458089668615984,0.5029239766081872,0.5971410006497726,0.5442495126705653,0.5029239766081872,0.8974358974358975,0.9818376068376069,False
97,ela_q75_mean,E,E2_RESP,0.5984405458089669,0.603638726445744,0.543859649122807,0.5094217024041585,0.5165692007797271,0.5471085120207928,0.544119558154646,0.5094217024041585,0.8512486427795873,0.9142236699239957,False
88,dct_sparsity_ratio,E,E1_DCT,0.6153346328784925,0.6094866796621182,0.5172189733593242,0.5139701104613386,0.5269655620532814,0.5516569200779727,0.5438596491228072,0.5139701104613386,0.8352692713833157,0.8965153115100317,False
96,ela_q90_mean,E,E2_RESP,0.5932423651721896,0.6159844054580896,0.5568551007147498,0.5178687459389213,0.5100714749837556,0.5185185185185185,0.5438596491228069,0.5100714749837556,0.872946330777656,0.874041621029573,False
83,mfr_kurtosis,D_MFR,D_MFR,0.5224171539961013,0.5237166991552956,0.5146198830409356,0.5165692007797271,0.5737491877842755,0.5886939571150097,0.5434697855750488,0.5146198830409356,0.9888059701492539,1.126865671641791,False
25,synth_b_p2_y_mean,A,A2_SYNTH,0.5685510071474984,0.5919428200129955,0.5705003248862899,0.50227420402859,0.5276153346328785,0.5243664717348928,0.5433398310591293,0.50227420402859,0.8834285714285715,0.9222857142857143,False
23,synth_g_fft_highfreq_ratio,A,A2_SYNTH,0.599090318388564,0.5451591942820013,0.5217673814165043,0.5477582846003899,0.5055230669265757,0.5951916829109811,0.5430799220272904,0.5055230669265757,0.9143167028199567,0.9934924078091106,False
19,synth_g_p4_d_mean,A,A2_SYNTH,0.6302794022092267,0.5893437296946069,0.5536062378167641,0.5172189733593242,0.5360623781676414,0.5191682910981157,0.5430799220272904,0.5172189733593242,0.8206185567010309,0.8237113402061856,False
18,synth_g_p4_y_mean,A,A2_SYNTH,0.5588044184535412,0.5133203378817414,0.5893437296946069,0.5549057829759584,0.5477582846003899,0.50227420402859,0.5415204678362573,0.50227420402859,0.9930232558139535,0.8988372093023257,True
92,dct_anisotropy,E,E1_DCT,0.5380116959064327,0.5367121507472385,0.5386614684860299,0.5380116959064327,0.5380116959064327,0.5412605588044185,0.5385315139701106,0.5367121507472385,1.0,1.0060386473429952,False
28,synth_b_p4_y_mean,A,A2_SYNTH,0.5133203378817414,0.5042235217673814,0.5847953216374269,0.5503573749187785,0.5503573749187785,0.5022742040285899,0.538401559454191,0.5022742040285899,1.0721518987341774,0.9784810126582277,True
53,HH2_entropy,B,B_HAAR,0.580896686159844,0.5776478232618583,0.5471085120207928,0.5282651072124755,0.5139701104613386,0.5172189733593242,0.5368421052631579,0.5139701104613386,0.9093959731543623,0.8903803131991052,False
95,ela_q95_mean,E,E2_RESP,0.5730994152046784,0.5588044184535412,0.543859649122807,0.5250162443144899,0.5269655620532814,0.5191682910981156,0.5347628330084471,0.5191682910981156,0.9160997732426303,0.9058956916099771,False
93,dct_benford_ssd,E,E1_DCT,0.5074723846653671,0.5750487329434698,0.5061728395061729,0.5061728395061729,0.521117608836907,0.5237166991552957,0.5264457439896036,0.5061728395061729,0.9974391805377721,1.032010243277849,False
57,HL1_energy,B,B_HAAR,0.5224171539961013,0.5204678362573099,0.5178687459389214,0.5256660168940871,0.525666016894087,0.5367121507472385,0.5252761533463287,0.5178687459389214,1.006218905472637,1.0273631840796023,False
1,fft_mid_freq_ratio,A,A1_FFT,0.5250162443144899,0.5237166991552957,0.5256660168940871,0.5256660168940871,0.525666016894087,0.5204678362573099,0.5242365172189734,0.5204678362573099,1.0012376237623763,0.9913366336633662,False
51,HH2_energy,B,B_HAAR,0.5256660168940871,0.5256660168940871,0.5172189733593242,0.5217673814165043,0.521117608836907,0.5347628330084471,0.5241065627030539,0.5172189733593242,0.992583436341162,1.0173053152039555,False
54,LH1_energy,B,B_HAAR,0.5198180636777128,0.52046783625731,0.5178687459389214,0.5198180636777128,0.5263157894736842,0.5295646523716699,0.5228070175438596,0.5178687459389214,1.0,1.01875,False
67,lbp_bin_3,C_LBP,C_LBP,0.5562053281351526,0.5695256660168941,0.5198180636777128,0.5003248862897987,0.5224171539961013,0.5016244314489928,0.5227420402859,0.5003248862897987,0.8995327102803742,0.9018691588785048,False
44,HH3_entropy,B,B_HAAR,0.5230669265756984,0.5243664717348928,0.5191682910981157,0.5029239766081872,0.5100714749837557,0.548408057179987,0.5209876543209877,0.5029239766081872,0.961490683229814,1.0484472049689442,False
41,HL3_entropy,B,B_HAAR,0.5269655620532814,0.5295646523716699,0.5217673814165043,0.5100714749837556,0.50682261208577,0.530214424951267,0.5196881091617934,0.50682261208577,0.9679408138101108,1.0061652281134401,False
59,HL1_entropy,B,B_HAAR,0.5438596491228069,0.5386614684860299,0.5178687459389213,0.51137102014295,0.5133203378817414,0.5035737491877842,0.5169590643274853,0.5035737491877842,0.9402628434886502,0.9259259259259259,False
102,ela_q90_gini,E,E2_RESP,0.5061728395061729,0.5146198830409356,0.5061728395061729,0.5276153346328785,0.5256660168940871,0.5107212475633528,0.5169590643274853,0.5061728395061729,1.042362002567394,1.0089858793324775,False
72,lbp_bin_8,C_LBP,C_LBP,0.5133203378817415,0.5250162443144899,0.521117608836907,0.5107212475633528,0.5029239766081872,0.5237166991552956,0.5166991552956465,0.5029239766081872,0.9949367088607592,1.020253164556962,False
34,LL3_energy,B,B_HAAR,0.5152696556205328,0.51591942820013,0.51591942820013,0.51591942820013,0.5152696556205328,0.51591942820013,0.5157894736842106,0.5152696556205328,1.0012610340479193,1.0012610340479193,False
50,HL2_entropy,B,B_HAAR,0.5198180636777128,0.5146198830409356,0.5152696556205327,0.5217673814165043,0.50682261208577,0.5029239766081871,0.512280701754386,0.5029239766081871,1.0037500000000001,0.9675,False
58,HL1_absmean,B,B_HAAR,0.5003248862897987,0.5016244314489928,0.5022742040285899,0.5074723846653671,0.5165692007797271,0.5308641975308641,0.5117608836907083,0.5016244314489928,1.0142857142857142,1.0610389610389608,False
3,fft_spectral_centroid,A,A1_FFT,0.51591942820013,0.5178687459389214,0.5165692007797271,0.5081221572449642,0.5016244314489928,0.5120207927225471,0.5112410656270304,0.5016244314489928,0.9848866498740552,0.9924433249370275,False
87,dct_ac_kurtosis,E,E1_DCT,0.5133203378817414,0.5139701104613386,0.5146198830409356,0.5061728395061729,0.50227420402859,0.5178687459389214,0.5109811565951917,0.50227420402859,0.9860759493670888,1.008860759493671,False
110,grid_anisotropy,E,E4_GRID,0.5055230669265758,0.5055230669265757,0.5074723846653671,0.5172189733593242,0.5139701104613386,0.5061728395061729,0.5100714749837556,0.5055230669265757,1.023136246786632,1.0012853470437018,False
52,HH2_absmean,B,B_HAAR,0.5016244314489928,0.5042235217673814,0.50682261208577,0.5061728395061729,0.5055230669265758,0.5237166991552956,0.5092917478882392,0.5042235217673814,1.0090673575129534,1.044041450777202,False
