index,name,branch,overall_effective_auc,mean_generator_auc,worst_generator_auc,best_generator_auc,generator_auc_std,generator_auc_range,auc_sd2.1,auc_sdxl,auc_sd3,auc_dall_e3,auc_midjourney
4,synth_r_p2_x_mean,A,0.6473535521993228,0.7282254243429829,0.5941410591989673,0.8890051222855493,0.12288617550190696,0.294864063086582,0.6109193377949983,0.8566285151216554,0.8890051222855493,0.5941410591989673,0.6904330873137445
24,synth_b_p2_x_mean,A,0.6337672793668365,0.7222127147239922,0.5659220481193303,0.9017747637255609,0.12705575182057577,0.33585271560623053,0.6076435364564987,0.8259683165314939,0.9017747637255609,0.5659220481193303,0.709754908787077
14,synth_g_p2_x_mean,A,0.6234805299365256,0.7139803984177748,0.58603750582667,0.8483875622249477,0.10213128854577075,0.2623500563982777,0.6159210989785135,0.8039869627832942,0.8483875622249477,0.58603750582667,0.7155688622754491
68,lbp_bin_4,C_LBP,0.6883963166104765,0.7070942350802711,0.5504833706081812,0.8850090516641136,0.1340115252924815,0.3345256810559324,0.5987319478689679,0.6555370272114,0.5504833706081812,0.8457097780486931,0.8850090516641136
106,phase_hf_stability_q90,E,0.6056242856424007,0.6973183484813928,0.5336738288129623,0.9724620526389082,0.14777536929431792,0.43878822382594584,0.5336738288129623,0.6514439475479421,0.6994805569583724,0.6295313564487791,0.9724620526389082
104,phase_corr_q75,E,0.5853311384434013,0.6949918743014487,0.5600563578724903,0.9471870213062248,0.14018005166867725,0.3871306634337345,0.5600563578724903,0.6819525505950126,0.7165067455450547,0.5692566961884614,0.9471870213062248
105,phase_diff_energy_q90,E,0.6030939321836519,0.6936229071169804,0.5340260655160267,0.9669266118924941,0.14654864347936886,0.43290054637646735,0.5340260655160267,0.6506480709467142,0.6961258206478609,0.6203879665818064,0.9669266118924941
103,phase_corr_q90,E,0.602561982876983,0.6921192647367885,0.532863684395914,0.9641414844729146,0.14609606211588025,0.43127780007700056,0.532863684395914,0.6530735996361707,0.6947550681768991,0.6157624870020438,0.9641414844729146
74,lbp_entropy,C_LBP,0.6925189237371595,0.6916607476575231,0.6205313923052099,0.7856844450633617,0.05430747951050574,0.16515305275815173,0.6904896090172596,0.6633441976805882,0.6982540942211961,0.6205313923052099,0.7856844450633617
77,lbp_mean_code,C_LBP,0.6001682109969737,0.6897294037767685,0.5127908739483059,0.8641041270751909,0.14919414094971115,0.351313253126885,0.5278266995420923,0.5127908739483059,0.7018072289156627,0.8641041270751909,0.8421180894025901
91,dct_high_freq_ratio,E,0.684669077211723,0.6827025477562423,0.5095591948632855,0.963131875783317,0.15327799006255555,0.45357268092003156,0.5967946460021134,0.6470855756840749,0.5095591948632855,0.6969414464484205,0.963131875783317
67,lbp_bin_3,C_LBP,0.5958479200063258,0.6812532158329911,0.5441522019252634,0.830490182425846,0.1212667176063993,0.2863379805005827,0.5619936597393449,0.5441522019252634,0.6557607676213838,0.8138692674531177,0.830490182425846
78,lbp_std_code,C_LBP,0.6792848876077378,0.6787583241859223,0.5265234237407538,0.9011279766049296,0.12820040768344765,0.3746045528641758,0.5265234237407538,0.7128780413855833,0.5881970997763509,0.6650650794219943,0.9011279766049296
89,dct_low_freq_ratio,E,0.6782749027754815,0.6768709056193678,0.5782050357117091,0.8977858237014343,0.11473881043484803,0.3195807879897252,0.5969707643536456,0.653983172894717,0.5782050357117091,0.657409731435333,0.8977858237014343
64,lbp_bin_0,C_LBP,0.6759781757014183,0.675861791188436,0.5363508277562523,0.8778547556050689,0.11979628637072981,0.34150392784881656,0.5363508277562523,0.7373986204805578,0.6165139600317437,0.6111907920685575,0.8778547556050689
79,lbp_nonuniform_ratio,C_LBP,0.6675460603403037,0.6757567137234293,0.5221028531172948,0.9107192591561064,0.13288691985276152,0.38861640603881165,0.5221028531172948,0.6907071932085197,0.5795577519659476,0.6756965111692782,0.9107192591561064
73,lbp_bin_nonuniform,C_LBP,0.6675460603403037,0.6757567137234293,0.5221028531172948,0.9107192591561064,0.13288691985276152,0.38861640603881165,0.5221028531172948,0.6907071932085197,0.5795577519659476,0.6756965111692782,0.9107192591561064
5,synth_r_p2_y_mean,A,0.5708247370804609,0.6717821814687887,0.5047151206568898,0.8127119255464973,0.1360506088994334,0.30799680488960746,0.5154631912645298,0.8059956037292504,0.8127119255464973,0.5047151206568898,0.7200250661467762
90,dct_mid_freq_ratio,E,0.6709749768170741,0.6697561730542445,0.5906657273687919,0.8726152346469851,0.10416313094377233,0.28194950727819323,0.5906657273687919,0.6515576442052603,0.5953033691652839,0.6386388898849009,0.8726152346469851
25,synth_b_p2_y_mean,A,0.5723055689341605,0.6684634154919058,0.5057191007207142,0.8420027415049419,0.13773513543175844,0.3362836407842277,0.5072208524128214,0.7653300992950807,0.8420027415049419,0.5057191007207142,0.7220442835259713
101,ela_ratio_q90_q75,E,0.6090891446398918,0.6682183442033325,0.6044734061289186,0.7573457735691408,0.050048139798948545,0.15287236744022215,0.6044734061289186,0.6726294246949139,0.6585022725633071,0.6481408440603822,0.7573457735691408
93,dct_benford_ssd,E,0.5749149959384952,0.6655992911508942,0.5812212783734856,0.7539138590289302,0.05736043479734408,0.17269258065544457,0.658295174357168,0.69442128401425,0.7539138590289302,0.6401448599806375,0.5812212783734856
75,lbp_uniformity,C_LBP,0.6648970965631762,0.6638345820100809,0.6024597511563698,0.7530636401615374,0.052782588261914,0.15060388900516752,0.6767876012680522,0.6189267035549155,0.6679352139095305,0.6024597511563698,0.7530636401615374
20,synth_g_p8_x_mean,A,0.6599693769723458,0.6594853734951786,0.5837241180290021,0.7983915889151929,0.07679657321226041,0.21466747088619076,0.6079253258189503,0.6830895171681952,0.5837241180290021,0.6242963175445517,0.7983915889151929
71,lbp_bin_7,C_LBP,0.6213635154660667,0.6588816216789077,0.5079019176836201,0.9006057652137586,0.15593140323799543,0.39270384753013843,0.5327227897146883,0.5079019176836201,0.5674915229781401,0.7856861128043314,0.9006057652137586
30,synth_b_p8_x_mean,A,0.6590276829294592,0.6585368255070475,0.5853834499675348,0.7971382815763821,0.07622205217253446,0.21175483160884734,0.6066220500176118,0.680929280679148,0.5853834499675348,0.6226110652945606,0.7971382815763821
15,synth_g_p2_y_mean,A,0.5529397387697593,0.657379908331198,0.5054322492739073,0.8096818411370031,0.12359203768408492,0.30424959186309586,0.5156393096160621,0.7264079436064579,0.8096818411370031,0.5054322492739073,0.7297381980225595
66,lbp_bin_2,C_LBP,0.59494216848416,0.6556934908976606,0.5430476256788748,0.7582245148257701,0.07475557027544201,0.21517688914689537,0.6764001408946811,0.6965246721746381,0.7582245148257701,0.604270500914339,0.5430476256788748
72,lbp_bin_8,C_LBP,0.549345486697673,0.6507188232761545,0.5117823177175062,0.8097278496898419,0.10669284540648245,0.29794553197233575,0.5117823177175062,0.5554839687713182,0.703051727869562,0.8097278496898419,0.6735482523325442
10,synth_r_p8_x_mean,A,0.6491578667395101,0.6486042167309977,0.5681047543467282,0.7881562456482384,0.07687049581725773,0.22005149130151014,0.6012328284607256,0.6680436595164103,0.5681047543467282,0.6174835956828857,0.7881562456482384
38,LH3_entropy,B,0.5968399335782217,0.648516539841786,0.5338499471644946,0.8113951737244075,0.09000601520773457,0.27754522655991287,0.5338499471644946,0.6299552793147881,0.6290310944376307,0.8113951737244075,0.638351204567609
21,synth_g_p8_y_mean,A,0.6487840645240133,0.648249507400003,0.5525537160972174,0.8117602005291742,0.08998885043220739,0.2592064844319568,0.5525537160972174,0.6645948609110892,0.5863213332371402,0.6260174262253935,0.8117602005291742
11,synth_r_p8_y_mean,A,0.6468287913967983,0.6462162512252656,0.5502289538569919,0.8137097897228798,0.0916875043237135,0.2634808358658879,0.5502289538569919,0.657886758129311,0.5804415265853835,0.6288142278317617,0.8137097897228798
31,synth_b_p8_y_mean,A,0.6457936468000374,0.6451678090912829,0.5530468474815076,0.8141971870213063,0.09137516505279049,0.2611503395397987,0.5530468474815076,0.6572803759569469,0.5836159007286631,0.6176987342679909,0.8141971870213063
65,lbp_bin_1,C_LBP,0.6401902078196549,0.6397954550445196,0.5267699894328989,0.8372267093719538,0.11138632947192122,0.3104567199390549,0.5267699894328989,0.6797544152201925,0.5994156265781689,0.555810534619384,0.8372267093719538
102,ela_q90_gini,E,0.5093558381436407,0.6390885160787487,0.5638957379358929,0.7196027107461723,0.057330178997319244,0.15570697281027945,0.5638957379358929,0.6228302887895095,0.689127768559267,0.7196027107461723,0.5999860743629022
27,synth_b_p4_x_mean,A,0.5104484907735549,0.6354731175044843,0.5643144091563708,0.7687299818966717,0.08099523350685181,0.20441557274030098,0.5646002113420219,0.5643144091563708,0.6894524204602842,0.5902685646670731,0.7687299818966717
2,fft_high_freq_ratio,A,0.5871498299918769,0.6313653900857334,0.5011543178702834,0.9307199554379613,0.1549480864715997,0.42956563756767785,0.5928848185980979,0.5244447813234291,0.5011543178702834,0.6076230771988955,0.9307199554379613
19,synth_g_p4_d_mean,A,0.5441985177304455,0.6294448085721328,0.5444553930114455,0.8066077148029522,0.09204195139209356,0.2621523217915067,0.5942937654103558,0.5444553930114455,0.6219969699155905,0.5798701997203198,0.8066077148029522
29,synth_b_p4_d_mean,A,0.5287576108287626,0.6259865367776858,0.5092094292427803,0.8114816877872163,0.10290817604730357,0.30227225854443596,0.5896794646002114,0.5092094292427803,0.6489070052665753,0.5706550969916455,0.8114816877872163
7,synth_r_p4_x_mean,A,0.5131298028193314,0.624781076830498,0.5675589996477632,0.7545258320568167,0.0676792695768075,0.18696683240905343,0.5675589996477632,0.5910331236261653,0.6266503138301711,0.5841371149915737,0.7545258320568167
69,lbp_bin_5,C_LBP,0.6214318062554364,0.6237137343174765,0.5067453328636844,0.8180267372232279,0.11094108051199966,0.31128140435954355,0.5067453328636844,0.6592321685742439,0.5321405382007071,0.602423894725519,0.8180267372232279
60,HH1_energy,B,0.582570752852039,0.6236815348119512,0.511169278210047,0.8698649213201504,0.1305776787319184,0.3586956431101034,0.5224374779852061,0.6320776169180625,0.5828583796262896,0.511169278210047,0.8698649213201504
9,synth_r_p4_d_mean,A,0.5281537764806521,0.6215840986114788,0.5067460016675509,0.796894582927169,0.09826957666257721,0.29014858125961807,0.5929904896090172,0.5067460016675509,0.6446143856864583,0.5666750331671986,0.796894582927169
54,LH1_energy,B,0.5156026482449267,0.6210433220581164,0.5697428672067629,0.7292508007241332,0.05708665924195861,0.15950793351737025,0.5697428672067629,0.6122564996589102,0.5780246735444774,0.6159417691562982,0.7292508007241332
94,dct_block_var_mean,E,0.5429908490342245,0.6206197956934869,0.5589327673766391,0.6448779088529527,0.03127425057415019,0.0859451414763136,0.628672067629447,0.5589327673766391,0.6349109010893875,0.6448779088529527,0.6357053335190086
86,dct_ac_energy,E,0.5428973984803502,0.6205723432368518,0.559122261805503,0.6449854781455054,0.031174361154496136,0.08586321634000249,0.6284959492779147,0.559122261805503,0.6346223216218166,0.6449854781455054,0.6356357053335191
33,synth_b_fft_highfreq_ratio,A,0.5917073416192824,0.6198733667937706,0.5282690433087314,0.7583868407762788,0.09133536014131385,0.23011779746754746,0.696759422331807,0.5746987038581066,0.7583868407762788,0.5412528236939296,0.5282690433087314
22,synth_g_p8_d_mean,A,0.5753031751622805,0.6190325418578982,0.5456498767171539,0.8179222949449938,0.10106296311296162,0.2722724182278399,0.5456498767171539,0.6013416205563556,0.5659404083399466,0.5643085087310409,0.8179222949449938
32,synth_b_p8_d_mean,A,0.5782288963489588,0.6182143615936406,0.5433955618175415,0.8219259156106392,0.10353498906969931,0.27853035379309776,0.5433955618175415,0.6002046539831729,0.5589423562513527,0.5666033203054968,0.8219259156106392
47,LH2_entropy,B,0.5584461329441957,0.6173360710596842,0.505917576611483,0.7589730718204311,0.08637362416126702,0.2530554952089481,0.505917576611483,0.5531721367391799,0.6424861121131232,0.7589730718204311,0.6261314580142042
12,synth_r_p8_d_mean,A,0.5741817685157895,0.6148321549941385,0.5471997182106375,0.815729007102075,0.10150913361977133,0.26852928889143746,0.5471997182106375,0.5911847191692564,0.5568862275449101,0.563161102943813,0.815729007102075
81,mfr_std,D_MFR,0.5914341784618038,0.6139184658444928,0.5180345191969005,0.8515527085364155,0.12486323420418292,0.33351818933951505,0.5180345191969005,0.6275297506253317,0.5405093427602626,0.5319660081035533,0.8515527085364155
82,mfr_energy,D_MFR,0.5913622934203621,0.6137853503376467,0.5180345191969002,0.8513786380726918,0.12479003146613268,0.3333441188757915,0.5180345191969002,0.6270749639960584,0.5403650530264772,0.532073577396106,0.8513786380726918
56,LH1_entropy,B,0.5359461149729353,0.6134837284558425,0.5211854771469718,0.7291405213525046,0.07973827376724146,0.2079550442055328,0.5253962662909475,0.5211854771469718,0.6503859750378761,0.7291405213525046,0.6413104024509121
3,fft_spectral_centroid,A,0.5459381357333353,0.6124395739544166,0.505014068249044,0.6945051074321946,0.06928091543325637,0.18949103918315058,0.6945051074321946,0.6387857196998408,0.505014068249044,0.5617985585714798,0.6620944158195237
28,synth_b_p4_y_mean,A,0.5390731142756504,0.6113274107421451,0.5113696657318275,0.7863459128255117,0.10542179076256546,0.2749762470936842,0.5125396266290947,0.5113696657318275,0.6727148113411731,0.5736670371831188,0.7863459128255117
35,LL3_entropy,B,0.6110659832795393,0.6112258233028403,0.537551403217661,0.8309727849689842,0.11109636250174319,0.29342138175132315,0.5417400493131383,0.5837565375577958,0.537551403217661,0.8309727849689842,0.5621083414566217
39,HL3_energy,B,0.5708031715680284,0.6108241107718827,0.5266429166982491,0.6648149484164201,0.05211534456879668,0.13817203171817094,0.6421627333568157,0.5266429166982491,0.6648149484164201,0.6462763096561368,0.5742236457317922
13,synth_r_fft_highfreq_ratio,A,0.593432582613884,0.6104691222907572,0.5378230880012127,0.7384027126469952,0.08584933869067882,0.2005796246457825,0.6892920042268404,0.5378230880012127,0.7384027126469952,0.5437627738534906,0.5430650327252472
99,ela_q90_energy,E,0.5422971583843118,0.6092743541426693,0.5528002817893625,0.7369447152207214,0.06729519109334968,0.1841444334313589,0.5528002817893625,0.5749450466156295,0.6162975254310656,0.5653842016565671,0.7369447152207214
23,synth_g_fft_highfreq_ratio,A,0.5896945604589141,0.6062806810207537,0.5105486701016572,0.7422263905923093,0.08984475430355501,0.23167772049065216,0.6826699542092286,0.5543470021981354,0.7422263905923093,0.5416113880024382,0.5105486701016572
100,ela_slope_q90_q75,E,0.5772656367936396,0.6054454472997035,0.5161324410003522,0.7655270853641554,0.092014547445327,0.2493946443638032,0.5161324410003522,0.6459486091108921,0.5286054397229637,0.5710136613001542,0.7655270853641554
57,HL1_energy,B,0.528937323432367,0.6049016108678391,0.5195238265983004,0.7550480434479877,0.07916543178109596,0.23552421684968727,0.5802747446283902,0.5781096035776548,0.5915518360868625,0.5195238265983004,0.7550480434479877
51,HH2_energy,B,0.5093486496394966,0.6048602255362723,0.5502994011976048,0.673583066425289,0.04275081597153949,0.12328366522768419,0.5502994011976048,0.6125596907450921,0.5700526657528316,0.6178063035605437,0.673583066425289
41,HL3_entropy,B,0.5588558776804134,0.6045393077853702,0.522754491017964,0.7355229660439601,0.07217749156263312,0.21276847502599605,0.522754491017964,0.5899719548245281,0.6135920929225885,0.7355229660439601,0.5608550341178109
109,grid_strength,E,0.6037552745649158,0.6035501963713139,0.5384892864872663,0.6280462331151649,0.03303129715481116,0.08955694662789859,0.6185276505811905,0.6103994542560449,0.5384892864872663,0.6222883574169027,0.6280462331151649
45,LH2_energy,B,0.5494964452847007,0.6021470044047185,0.551277192450542,0.6705869697730288,0.03930051742161914,0.11930977732248682,0.6067277210285311,0.551277192450542,0.6006781617487916,0.6705869697730288,0.5814649770226988
18,synth_g_p4_y_mean,A,0.5765539748833666,0.6017255987677027,0.510743219443466,0.7755883581673861,0.09162940269218854,0.2648451387239201,0.510743219443466,0.6011900250132646,0.5541086501695405,0.5669977410448563,0.7755883581673861
48,HL2_energy,B,0.5352488300709506,0.6002718859617164,0.5352080648828925,0.6272803230747808,0.03429699481368733,0.09207225819188825,0.6170482564283198,0.5352080648828925,0.625243488925763,0.5965792964968267,0.6272803230747808
37,LH3_absmean,B,0.600470128171029,0.5998624567710441,0.5202380050026529,0.7724909462512103,0.09062369183728369,0.25225294124855735,0.6052835505459669,0.5202380050026529,0.5556236923742875,0.7724909462512103,0.5456760896811029
42,HH3_energy,B,0.5506825484684892,0.5985978128628614,0.5532655618994569,0.6853239628527377,0.046477016534938485,0.1320584009532808,0.5820007044734061,0.5682937921625104,0.6041050429261958,0.6853239628527377,0.5532655618994569
107,grid_h_ratio,E,0.5982057493656145,0.5980597847390317,0.5374431859173219,0.6305711929434544,0.032017914992674895,0.09312800702613255,0.6023952095808384,0.6031228681876752,0.5374431859173219,0.6305711929434544,0.6167664670658682
17,synth_g_p4_x_mean,A,0.5654908670054849,0.597914531922352,0.5355313469446649,0.7564406071577774,0.0815328705931198,0.22090926021311252,0.5479041916167665,0.5568104297733647,0.5355313469446649,0.5928860841191868,0.7564406071577774
1,fft_mid_freq_ratio,A,0.5245379588961333,0.5976035170767359,0.5310222927638699,0.6528002817893623,0.0477674900177803,0.12177798902549242,0.6528002817893623,0.5945956188888046,0.5310222927638699,0.5611172863853132,0.6484821055563292
8,synth_r_p4_y_mean,A,0.5616593942966408,0.5967171145261629,0.5199718210637547,0.787668848349812,0.09756332412840253,0.26769702728605727,0.5199718210637547,0.5342605927385735,0.5714594906572398,0.570224819821435,0.787668848349812
36,LH3_energy,B,0.5867832162805242,0.5966624684120584,0.5035858515527085,0.706120692746244,0.07453223719909456,0.2025348411935355,0.6207819654808031,0.522890927006746,0.6299329052737898,0.706120692746244,0.5035858515527085
0,fft_low_freq_ratio,A,0.5003989619800016,0.5959816822094763,0.5256835726138085,0.7113215429605904,0.07110574360960016,0.18563797034678187,0.6387460373370906,0.578071704691882,0.5256835726138085,0.5260855534440102,0.7113215429605904
34,LL3_energy,B,0.52665137911452,0.5943911927880896,0.5151109545614653,0.7886876848712214,0.1008239030930515,0.27357673030975616,0.5151109545614653,0.5297127264458426,0.7886876848712214,0.5433324966832802,0.595112101378638
61,HH1_absmean,B,0.5805148406668056,0.5939983052628988,0.5006853762354808,0.8107854059323214,0.11702251496144131,0.3101000296968406,0.5090877069390631,0.6237777609338285,0.5006853762354808,0.5256552762737998,0.8107854059323214
50,HL2_entropy,B,0.5472105009668538,0.5927905241223981,0.5091933779499823,0.6962960306931049,0.062252576993834796,0.18710265274312254,0.5091933779499823,0.5588190707193208,0.614349614024962,0.6962960306931049,0.5852945272246206
85,dct_ac_mean_abs,E,0.5190603187382737,0.5920652232287941,0.5258639347810403,0.7052290767302605,0.06187621700501169,0.17936514194922015,0.5543853469531526,0.5717425907678314,0.5258639347810403,0.6031051669116857,0.7052290767302605
80,mfr_absmean,D_MFR,0.5859996693288093,0.5919564363136505,0.5076787601268051,0.8004456203871327,0.11168995983147645,0.2927668602603276,0.5076787601268051,0.6171833548093686,0.517711564822163,0.5167628814227831,0.8004456203871327
108,grid_v_ratio,E,0.5904852959147731,0.5901588265125411,0.5441165861048987,0.6110221417629856,0.025131418830724856,0.06690555565808698,0.6075026417752729,0.5824300765557493,0.5441165861048987,0.6057226863637993,0.6110221417629856
70,lbp_bin_6,C_LBP,0.5384153661464586,0.5894474503396818,0.5014248611211312,0.6584008453680874,0.06058207717939283,0.15697598424695625,0.6584008453680874,0.5622678693246419,0.5014248611211312,0.6575173007278855,0.5676263751566635
16,synth_g_p2_d_mean,A,0.5544205706234591,0.5890619639614378,0.5021838675589996,0.7794527224620527,0.09809566512017502,0.2772688549030531,0.5021838675589996,0.5767073448040627,0.5412668638626361,0.5456990211194378,0.7794527224620527
62,HH1_entropy,B,0.5441194441848596,0.5878181210046792,0.5293413173652695,0.6626145299761922,0.05443801818409736,0.13327321261092273,0.5293413173652695,0.6422724171909346,0.6626145299761922,0.5653483452257162,0.5395139952652834
40,HL3_absmean,B,0.5727943872159642,0.5875838819983952,0.5048131584931403,0.7022840546452007,0.0676935712051998,0.19747089615206037,0.6072560760831278,0.5048131584931403,0.5861409710699084,0.7022840546452007,0.5374251497005988
55,LH1_absmean,B,0.5020523179331613,0.5855859773733059,0.5079359353581994,0.6748180286134319,0.06073252891463048,0.1668820932552325,0.5333215921098978,0.5848177063594331,0.5079359353581994,0.6748180286134319,0.6270366244255674
76,lbp_dominant_bin,C_LBP,0.5870455966817865,0.5854805915878498,0.5041878268778898,0.686185767998886,0.06202872510348253,0.1819979411209962,0.608770693906305,0.5041878268778898,0.5868624197388355,0.541396249417333,0.686185767998886
98,ela_q60_mean,E,0.5500787141203787,0.5847255445768635,0.5150405072208525,0.7260827182843614,0.07828008602528506,0.21104221106350896,0.5150405072208525,0.6102857575987266,0.5216073876343699,0.5506113521460074,0.7260827182843614
59,HL1_entropy,B,0.5220435479581054,0.5840833332022665,0.5121169425854174,0.6604037434113809,0.06101863232287085,0.14828680082596346,0.5121169425854174,0.5134541044493292,0.6318447442464469,0.6604037434113809,0.6025971313187578
84,mfr_entropy,D_MFR,0.5566633839164408,0.5838789833846656,0.5497005988023953,0.6270110381646345,0.025871849969350994,0.07731043936223925,0.5497005988023953,0.590313044796483,0.6270110381646345,0.5672845924916633,0.5850856426681521
6,synth_r_p2_d_mean,A,0.5510419736756978,0.5834985854139636,0.5006692497358225,0.7846400222810194,0.10200004440364561,0.28397077254519687,0.5006692497358225,0.5483210793602669,0.5439722963711131,0.5398902793215964,0.7846400222810194
53,HH2_entropy,B,0.5156170252532151,0.5828740636605145,0.5337348558696561,0.6416203737104105,0.04493958531597253,0.1078855178407544,0.5512152166255724,0.5552565754566816,0.6416203737104105,0.6325432966402524,0.5337348558696561
26,synth_b_p2_d_mean,A,0.5616809598090733,0.5827789783549856,0.5021838675589997,0.7857540732488512,0.10441233542500945,0.2835702056898515,0.5021838675589997,0.5726900629121503,0.5123367722386551,0.5409301158162716,0.7857540732488512
44,HH3_entropy,B,0.5151282069714114,0.5810246015853122,0.5168271052831046,0.6771486966187386,0.06630569383731338,0.16032159133563395,0.5219091229306094,0.5168271052831046,0.643387922949282,0.6771486966187386,0.5458501601448266
97,ela_q75_mean,E,0.553421368547419,0.5795929135113358,0.5139133497710462,0.7204428352597132,0.078659439132046,0.206529485488667,0.5139133497710462,0.6115364208292275,0.5223649087367435,0.5297070529599484,0.7204428352597132
58,HL1_absmean,B,0.5207424287080101,0.5757920171890197,0.5149339874467932,0.677377802534466,0.05488096000177484,0.1624438150876728,0.5461782317717506,0.5632532403547337,0.5149339874467932,0.5772168238373553,0.677377802534466
87,dct_ac_kurtosis,E,0.516364629684209,0.5753707351139867,0.5143008101444171,0.6628061242783894,0.04866485961346588,0.14850531413397228,0.5143008101444171,0.5543849010839081,0.5702330279200635,0.6628061242783894,0.5751288121431555
63,detail_energy_ratio,B,0.5663534875027856,0.5753122230079525,0.5125066323050103,0.6725949299006776,0.0652309085985665,0.16008829759566734,0.6314547375836563,0.5125066323050103,0.5125532068393333,0.6725949299006776,0.5474516084110849
52,HH2_absmean,B,0.5167240548914176,0.5732867039570151,0.5058437342183104,0.6275592527519811,0.05312939844855697,0.12171551853367069,0.5129975343430786,0.5980444174941257,0.5058437342183104,0.6275592527519811,0.6219885809775797
96,ela_q90_mean,E,0.5401334186369158,0.5723781298556554,0.50267130409839,0.6879264726361232,0.06442567932463704,0.18525516853773316,0.5305389221556885,0.5901803986962784,0.5505735516917971,0.50267130409839,0.6879264726361232
88,dct_sparsity_ratio,E,0.5498594647439814,0.5694454031599626,0.5105417906701567,0.6850369029383094,0.06220192278483388,0.17449511226815273,0.5400669249735822,0.5305086030470704,0.5810727941706948,0.5105417906701567,0.6850369029383094
49,HL2_absmean,B,0.5311226286921954,0.568938810802203,0.5212991738042903,0.637168776220015,0.039810614538522554,0.11586960241572475,0.5746037337090524,0.5212991738042903,0.5381646345862492,0.637168776220015,0.5734577356914079
46,LH2_absmean,B,0.5571378251899561,0.5685851881517682,0.5085642668152068,0.7230807845387069,0.08048020864637001,0.2145165177235001,0.5729482212046495,0.5214507693473813,0.5168818988528966,0.7230807845387069,0.5085642668152068
43,HH3_absmean,B,0.5425307847689974,0.5682771196187337,0.5173374181868821,0.6984832729750081,0.0662781218372626,0.18114585478812606,0.5496301514617823,0.5487000682179943,0.5272346872520021,0.6984832729750081,0.5173374181868821
95,ela_q95_mean,E,0.5162783676344789,0.5651920289233651,0.5069382193696439,0.6321891101517894,0.042719843469140886,0.12525089078214546,0.5366678407890102,0.564276510270598,0.5858884640357839,0.5069382193696439,0.6321891101517894
83,mfr_kurtosis,D_MFR,0.5252639978146948,0.5543358180612366,0.5015318200807687,0.5973594978717264,0.032637034267929105,0.09582767779095769,0.5633321592109898,0.5373304024861669,0.5973594978717264,0.5721252106565312,0.5015318200807687
92,dct_anisotropy,E,0.5035331497868608,0.5415802496383799,0.5223158334493803,0.5718742156405752,0.017323620112354568,0.049558382191194905,0.5481155336386051,0.5355112559690745,0.5300844094942645,0.5718742156405752,0.5223158334493803
110,grid_anisotropy,E,0.5047120644665051,0.5393141028342139,0.5090541807950364,0.5858223672415648,0.028601825013295386,0.07676818644652839,0.5466361394857344,0.5459713484423558,0.5090541807950364,0.5858223672415648,0.509086478206378
