rank,feature_index,name,branch,relevance_score,redundancy_score,mrmr_score,in_budget_8,in_budget_16,in_budget_32,in_budget_64,in_budget_111
1,11,synth_r_p8_y_mean,A,0.05423937351730879,0.0,1.0,True,True,True,True,True
2,72,lbp_bin_8,C_LBP,0.03161496184831436,0.014390314741608753,0.5684881331118761,True,True,True,True,True
3,30,synth_b_p8_x_mean,A,0.048626619453670195,0.23286247248804423,0.6636563532346117,True,True,True,True,True
4,78,lbp_std_code,C_LBP,0.04166626955868935,0.31997256717094874,0.4482197414181775,True,True,True,True,True
5,31,synth_b_p8_y_mean,A,0.04868903366537336,0.4736090116310959,0.42406053187562964,True,True,True,True,True
6,107,grid_h_ratio,E,0.024252777545486603,0.06485105304079777,0.38229234063699047,True,True,True,True,True
7,10,synth_r_p8_x_mean,A,0.04525401533279694,0.3917978974484511,0.44254093056835014,True,True,True,True,True
8,21,synth_g_p8_y_mean,A,0.048513315782503064,0.4919384680732995,0.402491401530957,True,True,True,True,True
9,68,lbp_bin_4,C_LBP,0.04027756168022689,0.34054707034874626,0.4020419211589373,False,True,True,True,True
10,64,lbp_bin_0,C_LBP,0.04228110631170523,0.4448344776374003,0.33469344773977144,False,True,True,True,True
11,91,dct_high_freq_ratio,E,0.0413454796070023,0.460146094479944,0.3021318767766413,False,True,True,True,True
12,20,synth_g_p8_x_mean,A,0.03991307479533823,0.44513286890932496,0.2907361540358097,False,True,True,True,True
13,23,synth_g_fft_highfreq_ratio,A,0.017944853743714795,0.05679977483482986,0.2740457453109414,False,True,True,True,True
14,89,dct_low_freq_ratio,E,0.03840615729107166,0.44498512244007105,0.2631011772443371,False,True,True,True,True
15,24,synth_b_p2_x_mean,A,0.02265059724809615,0.181920351890224,0.23568397830853696,False,True,True,True,True
16,109,grid_strength,E,0.015667745541971367,0.10760271867696454,0.18126023319639184,False,True,True,True,True
17,4,synth_r_p2_x_mean,A,0.022411567444119207,0.23272167515982095,0.18047571247164312,False,False,True,True,True
18,38,LH3_entropy,B,0.015977542840843073,0.14796274468842313,0.14661187527366665,False,False,True,True,True
19,15,synth_g_p2_y_mean,A,0.019974760717969442,0.22493937528485755,0.14333111573759363,False,False,True,True,True
20,71,lbp_bin_7,C_LBP,0.02588747018012194,0.33623082122454084,0.14105105910287058,False,False,True,True,True
21,108,grid_v_ratio,E,0.009147623538725336,0.08204191286331534,0.08661091156147561,False,False,True,True,True
22,69,lbp_bin_5,C_LBP,0.024294837524091673,0.34743692529650105,0.10048191942132634,False,False,True,True,True
23,75,lbp_uniformity,C_LBP,0.017567613307449825,0.23587415723935654,0.08801625978110691,False,False,True,True,True
24,77,lbp_mean_code,C_LBP,0.01996986720691285,0.29626140659864053,0.07191886378261853,False,False,True,True,True
25,101,ela_ratio_q90_q75,E,0.013286851901345376,0.18457629382721066,0.06039061931579043,False,False,True,True,True
26,74,lbp_entropy,C_LBP,0.02015228283705106,0.30560808914348236,0.06593534010759655,False,False,True,True,True
27,5,synth_r_p2_y_mean,A,0.0159558423522681,0.2322452690518207,0.061929263535217716,False,False,True,True,True
28,35,LL3_entropy,B,0.009974931175536383,0.1320164447763215,0.05188927774005675,False,False,True,True,True
29,79,lbp_nonuniform_ratio,C_LBP,0.022115629121418845,0.3773525449837334,0.030388689607800723,False,False,True,True,True
30,105,phase_diff_energy_q90,E,0.021774979952236873,0.3869024464028499,0.014558310611389513,False,False,True,True,True
31,66,lbp_bin_2,C_LBP,0.014474560089220434,0.25057814471279294,0.016286296201174,False,False,True,True,True
32,25,synth_b_p2_y_mean,A,0.013316272796597639,0.23983770410911584,0.005671635934204722,False,False,True,True,True
33,73,lbp_bin_nonuniform,C_LBP,0.02158615037480316,0.3931919499091334,0.00478739562874636,False,False,False,True,True
34,14,synth_g_p2_x_mean,A,0.013763706672310416,0.25762256615773516,-0.003863981208036882,False,False,False,True,True
35,32,synth_b_p8_d_mean,A,0.01679814235492394,0.31615971903863815,-0.00645587724254254,False,False,False,True,True
36,65,lbp_bin_1,C_LBP,0.020504291027846344,0.3924627258542307,-0.01442939511704866,False,False,False,True,True
37,67,lbp_bin_3,C_LBP,0.01571283244000421,0.3054063800685065,-0.015712170473885123,False,False,False,True,True
38,36,LH3_energy,B,0.007858199323601323,0.17419551096172595,-0.029315531455811755,False,False,False,True,True
39,18,synth_g_p4_y_mean,A,0.013948747237949366,0.2877345979382114,-0.030564458731163535,False,False,False,True,True
40,70,lbp_bin_6,C_LBP,0.0066769827335202425,0.16042246543185515,-0.03732032946434634,False,False,False,True,True
41,47,LH2_entropy,B,0.010417649547975083,0.22949044525566148,-0.037422416581793794,False,False,False,True,True
42,17,synth_g_p4_x_mean,A,0.014049750558897234,0.2950510249342908,-0.03601870859653483,False,False,False,True,True
43,103,phase_corr_q90,E,0.01922068166220625,0.4029977438026361,-0.04863005081900351,False,False,False,True,True
44,13,synth_r_fft_highfreq_ratio,A,0.0035611201000442794,0.11743726809844682,-0.051781640661897235,False,False,False,True,True
45,63,detail_energy_ratio,B,0.009059346298558646,0.2272161105215246,-0.0601908351343072,False,False,False,True,True
46,28,synth_b_p4_y_mean,A,0.012006597793531748,0.28855994738643304,-0.06719681180928222,False,False,False,True,True
47,106,phase_hf_stability_q90,E,0.0185679096693383,0.41311106009708565,-0.07077838799472558,False,False,False,True,True
48,92,dct_anisotropy,E,0.0,0.0725825364492811,-0.0725825364492811,False,False,False,True,True
49,33,synth_b_fft_highfreq_ratio,A,0.0041450386488992574,0.1555531684840931,-0.07913195673140758,False,False,False,True,True
50,2,fft_high_freq_ratio,A,0.017685354324307623,0.4035930917649874,-0.07753190821050004,False,False,False,True,True
51,96,ela_q90_mean,E,0.014950997737531502,0.3677718490291791,-0.09212342671175755,False,False,False,True,True
52,110,grid_anisotropy,E,0.0,0.10250379158697592,-0.10250379158697592,False,False,False,True,True
53,40,HL3_absmean,B,0.009068083124364135,0.2678615503376528,-0.10067519591801075,False,False,False,True,True
54,7,synth_r_p4_x_mean,A,0.010626872001795684,0.29954462159446693,-0.1036192022419655,False,False,False,True,True
55,46,LH2_absmean,B,0.010461255573099626,0.31747686810971915,-0.12460488425907149,False,False,False,True,True
56,76,lbp_dominant_bin,C_LBP,0.00019870069455008021,0.12805783111407876,-0.12439442791332699,False,False,False,True,True
57,41,HL3_entropy,B,0.006119689622352542,0.2405418236668241,-0.12771438438234128,False,False,False,True,True
58,0,fft_low_freq_ratio,A,0.012218817641551194,0.358774672912135,-0.13349888432560306,False,False,False,True,True
59,34,LL3_energy,B,0.0,0.14194649601978182,-0.14194649601978182,False,False,False,True,True
60,39,HL3_energy,B,0.005533680882387149,0.2447752416293231,-0.14275192307787912,False,False,False,True,True
61,90,dct_mid_freq_ratio,E,0.011597472161033462,0.35726134885562594,-0.14344117710654603,False,False,False,True,True
62,53,HH2_entropy,B,0.008286605411548464,0.2998422105193252,-0.14706379745553758,False,False,False,True,True
63,94,dct_block_var_mean,E,0.010167805282849107,0.33830698445910784,-0.15084528231381347,False,False,False,True,True
64,104,phase_corr_q75,E,0.012834572098460839,0.39289046130112776,-0.15626213641155118,False,False,False,True,True
65,93,dct_benford_ssd,E,0.0,0.16392334447334356,-0.16392334447334356,False,False,False,False,True
66,83,mfr_kurtosis,D_MFR,0.008922296281896891,0.32972377215232435,-0.16522525929524606,False,False,False,False,True
67,9,synth_r_p4_d_mean,A,0.010436595944160354,0.35907056193994374,-0.16665322251713785,False,False,False,False,True
68,45,LH2_energy,B,0.007129899325748923,0.3131164175029714,-0.1816639529299129,False,False,False,False,True
69,8,synth_r_p4_y_mean,A,0.006415682035723513,0.30228267334153464,-0.18399808375872628,False,False,False,False,True
70,86,dct_ac_energy,E,0.008561267865172528,0.3627572164799274,-0.20491490913025884,False,False,False,False,True
71,84,mfr_entropy,D_MFR,0.008031813919880282,0.36682177558335743,-0.21874090003052346,False,False,False,False,True
72,81,mfr_std,D_MFR,0.013085725751892818,0.46327256686643997,-0.22201377452959778,False,False,False,False,True
73,100,ela_slope_q90_q75,E,0.012903810692040718,0.46703457838428253,-0.2291297160074545,False,False,False,False,True
74,37,LH3_absmean,B,0.0035752349864770494,0.302494274264993,-0.23657841361560467,False,False,False,False,True
75,48,HL2_energy,B,0.005677580560104811,0.3507165949670466,-0.24604022811533527,False,False,False,False,True
76,98,ela_q60_mean,E,0.011644512833569598,0.4671674481188159,-0.25247999731605875,False,False,False,False,True
77,88,dct_sparsity_ratio,E,0.008013458318428146,0.41110127199721785,-0.2633588148342327,False,False,False,False,True
78,102,ela_q90_gini,E,0.0,0.2690552467017691,-0.2690552467017691,False,False,False,False,True
79,52,HH2_absmean,B,0.008993074996367145,0.4518854177374062,-0.2860819725059216,False,False,False,False,True
80,26,synth_b_p2_d_mean,A,0.001882496975731618,0.3309287766032659,-0.2962215730783049,False,False,False,False,True
81,27,synth_b_p4_x_mean,A,0.0,0.3142174946727346,-0.3142174946727346,False,False,False,False,True
82,62,HH1_entropy,B,0.0018768864634131077,0.35619884821206516,-0.3215950845307948,False,False,False,False,True
83,50,HL2_entropy,B,0.0,0.32846177119825953,-0.32846177119825953,False,False,False,False,True
84,58,HL1_absmean,B,0.007404403867018461,0.46893746524607205,-0.33242401778422814,False,False,False,False,True
85,56,LH1_entropy,B,0.0,0.3377651962003301,-0.3377651962003301,False,False,False,False,True
86,16,synth_g_p2_d_mean,A,0.0,0.3415747955055883,-0.3415747955055883,False,False,False,False,True
87,57,HL1_energy,B,0.004993604060549384,0.43988228082619074,-0.34781624582754106,False,False,False,False,True
88,44,HH3_entropy,B,0.00020586136880851313,0.356612397749621,-0.35281697469329054,False,False,False,False,True
89,12,synth_r_p8_d_mean,A,0.00025430485010713433,0.36020415413758416,-0.35551558873544176,False,False,False,False,True
90,6,synth_r_p2_d_mean,A,0.0,0.35868814324622056,-0.35868814324622056,False,False,False,False,True
91,59,HL1_entropy,B,0.0,0.36142851901468154,-0.36142851901468154,False,False,False,False,True
92,82,mfr_energy,D_MFR,0.007030846045906092,0.4965630820533802,-0.3669368421105014,False,False,False,False,True
93,22,synth_g_p8_d_mean,A,0.0,0.37185539315648575,-0.37185539315648575,False,False,False,False,True
94,95,ela_q95_mean,E,0.002485348068739457,0.42110941038272737,-0.3752875671797203,False,False,False,False,True
95,29,synth_b_p4_d_mean,A,0.0,0.3832663299311438,-0.3832663299311438,False,False,False,False,True
96,99,ela_q90_energy,E,0.003961106302138306,0.46055889878742773,-0.3875288092921233,False,False,False,False,True
97,55,LH1_absmean,B,0.004863485713382021,0.48160059601737243,-0.3919335258062832,False,False,False,False,True
98,3,fft_spectral_centroid,A,0.0,0.40168747108648073,-0.40168747108648073,False,False,False,False,True
99,19,synth_g_p4_d_mean,A,0.0,0.4074194516305388,-0.4074194516305388,False,False,False,False,True
100,61,HH1_absmean,B,0.006562549955667629,0.531744940719254,-0.4107525779742567,False,False,False,False,True
101,42,HH3_energy,B,0.0,0.4187463197778422,-0.4187463197778422,False,False,False,False,True
102,1,fft_mid_freq_ratio,A,0.0,0.423371872983857,-0.423371872983857,False,False,False,False,True
103,97,ela_q75_mean,E,0.00510869621095722,0.5235721345851846,-0.4293841696499528,False,False,False,False,True
104,49,HL2_absmean,B,0.0,0.462023656523662,-0.462023656523662,False,False,False,False,True
105,43,HH3_absmean,B,0.0,0.4660583802962359,-0.4660583802962359,False,False,False,False,True
106,54,LH1_energy,B,0.0,0.4715665228304224,-0.4715665228304224,False,False,False,False,True
107,60,HH1_energy,B,0.003455534942100824,0.5381320712526807,-0.4744230953184712,False,False,False,False,True
108,87,dct_ac_kurtosis,E,0.0,0.47956753098757776,-0.47956753098757776,False,False,False,False,True
109,80,mfr_absmean,D_MFR,0.003614424461696686,0.5535016616353091,-0.48686327281720715,False,False,False,False,True
110,51,HH2_energy,B,0.0,0.5106399535715698,-0.5106399535715698,False,False,False,False,True
111,85,dct_ac_mean_abs,E,0.0006970649217412639,0.5665236448258661,-0.5536720044668783,False,False,False,False,True
