feature_1,feature_2,branch_1,branch_2,is_cross_branch,spearman_rho,pearson_r,abs_spearman
lbp_bin_nonuniform,lbp_nonuniform_ratio,C_LBP,C_LBP,False,1.0,1.0,1.0
mfr_std,mfr_energy,D_MFR,D_MFR,False,0.9999939549984888,0.9646906241545273,0.9999939549984888
dct_ac_energy,dct_block_var_mean,E,E,False,0.9999918819979705,0.9999951217236089,0.9999918819979705
phase_corr_q90,phase_diff_energy_q90,E,E,False,-0.9998369593341787,-0.9992811584354515,0.9998369593341787
phase_diff_energy_q90,phase_hf_stability_q90,E,E,False,-0.9995091803772951,-0.9990523365142595,0.9995091803772951
phase_corr_q90,phase_hf_stability_q90,E,E,False,0.9991979374241836,0.998906194581707,0.9991979374241836
ela_q75_mean,ela_q60_mean,E,E,False,0.9969611721118743,0.9965161394812373,0.9969611721118743
dct_low_freq_ratio,dct_mid_freq_ratio,E,E,False,-0.9911600699117025,-0.9852146388940601,0.9911600699117025
fft_low_freq_ratio,fft_mid_freq_ratio,A,A,False,-0.9901083303983732,-0.9881624549786752,0.9901083303983732
ela_q90_mean,ela_q75_mean,E,E,False,0.9822808056752673,0.9788387904078805,0.9822808056752673
phase_corr_q90,phase_corr_q75,E,E,False,0.9805402952381816,0.9674744471684992,0.9805402952381816
synth_g_p8_d_mean,synth_b_p8_d_mean,A,A,False,0.9802202926726558,0.9830948661166419,0.9802202926726558
ela_q95_mean,ela_q90_mean,E,E,False,0.979552354490085,0.9790481945892822,0.979552354490085
phase_corr_q75,phase_diff_energy_q90,E,E,False,-0.9795412916199788,-0.9598145167256805,0.9795412916199788
phase_corr_q75,phase_hf_stability_q90,E,E,False,0.979099489759197,0.9639694294516993,0.979099489759197
synth_g_p8_x_mean,synth_b_p8_x_mean,A,A,False,0.9785531461382866,0.9946433915659542,0.9785531461382866
synth_g_p8_y_mean,synth_b_p8_y_mean,A,A,False,0.977808155952039,0.9942479456224563,0.977808155952039
synth_r_p8_d_mean,synth_g_p8_d_mean,A,A,False,0.9767938241984561,0.9544504636068581,0.9767938241984561
synth_g_fft_highfreq_ratio,synth_b_fft_highfreq_ratio,A,A,False,0.9766322190242919,0.9802614053420877,0.9766322190242919
synth_r_fft_highfreq_ratio,synth_g_fft_highfreq_ratio,A,A,False,0.9743202579454345,0.97743107628209,0.9743202579454345
ela_q60_mean,ela_slope_q90_q75,E,E,False,0.9743166114445216,0.9659424748171682,0.9743166114445216
ela_q90_mean,ela_q90_energy,E,E,False,0.9740755726341715,0.9372999868900399,0.9740755726341715
synth_r_p8_y_mean,synth_g_p8_y_mean,A,A,False,0.9740018195004548,0.9907407719300785,0.9740018195004548
synth_r_p8_x_mean,synth_g_p8_x_mean,A,A,False,0.9723160875790219,0.992590392919301,0.9723160875790219
lbp_bin_0,lbp_std_code,C_LBP,C_LBP,False,0.9722717734335449,0.9595010092958843,0.9722717734335449
lbp_bin_nonuniform,lbp_std_code,C_LBP,C_LBP,False,0.9708149977199275,0.9571948838955902,0.9708149977199275
lbp_std_code,lbp_nonuniform_ratio,C_LBP,C_LBP,False,0.9708149977199275,0.9571948838955899,0.9708149977199275
ela_q90_mean,ela_q60_mean,E,E,False,0.96780773667779,0.9620819746161572,0.96780773667779
fft_low_freq_ratio,fft_spectral_centroid,A,A,False,-0.9645994785115944,-0.9709046722780049,0.9645994785115944
lbp_entropy,lbp_uniformity,C_LBP,C_LBP,False,-0.9645193207149144,-0.9672056619421309,0.9645193207149144
fft_mid_freq_ratio,fft_spectral_centroid,A,A,False,0.9634503773625943,0.9651021276537594,0.9634503773625943
synth_r_p8_d_mean,synth_b_p8_d_mean,A,A,False,0.960685367781599,0.9462280058788644,0.960685367781599
ela_q75_mean,ela_slope_q90_q75,E,E,False,0.959985439466349,0.9486072336027522,0.959985439466349
ela_q95_mean,ela_q90_energy,E,E,False,0.9588571511834306,0.9512796345923339,0.9588571511834306
synth_r_p8_x_mean,synth_b_p8_x_mean,A,A,False,0.9555617028904257,0.9886537967620617,0.9555617028904257
synth_r_p8_y_mean,synth_b_p8_y_mean,A,A,False,0.9547175896793975,0.9855265569175016,0.9547175896793975
HL2_absmean,HL1_absmean,B,B,False,0.9542432475608119,0.9453739942924261,0.9542432475608119
ela_q75_mean,ela_q90_energy,E,E,False,0.9541013429909118,0.8994247454106127,0.9541013429909118
synth_r_p4_d_mean,synth_g_p4_d_mean,A,A,False,0.9527058626764656,0.9619940433605141,0.9527058626764656
synth_g_p2_d_mean,synth_b_p2_d_mean,A,A,False,0.9514427468606867,0.9618132645100292,0.9514427468606867
synth_r_p2_d_mean,synth_g_p2_d_mean,A,A,False,0.9512116943029236,0.9517268431200608,0.9512116943029236
HH1_absmean,ela_slope_q90_q75,B,E,True,0.9511653307913327,0.9571839004728174,0.9511653307913327
HH3_energy,HH3_absmean,B,B,False,0.9481046490261622,0.9272526438323937,0.9481046490261622
HH3_absmean,HH2_absmean,B,B,False,0.9475399993849999,0.9388882437924884,0.9475399993849999
synth_g_p2_x_mean,synth_b_p2_x_mean,A,A,False,0.9461287915321979,0.9439124723790513,0.9461287915321979
HH2_energy,HH2_absmean,B,B,False,0.9460951930237983,0.9243247725037571,0.9460951930237983
HL3_absmean,HL2_absmean,B,B,False,0.9457620339405085,0.9425465115281435,0.9457620339405085
LH2_absmean,LH1_absmean,B,B,False,0.9450382102595526,0.9378018616305938,0.9450382102595526
synth_g_p4_d_mean,synth_b_p4_d_mean,A,A,False,0.9439958914989729,0.9582528362066163,0.9439958914989729
HH1_energy,HH1_absmean,B,B,False,0.9439449694862424,0.9341761693883021,0.9439449694862424
LH2_entropy,LH1_entropy,B,B,False,0.9433371063342766,0.9470350271578293,0.9433371063342766
HL2_entropy,HL1_entropy,B,B,False,0.9432967161353878,0.9521609092372726,0.9432967161353878
synth_r_fft_highfreq_ratio,synth_b_fft_highfreq_ratio,A,A,False,0.9419652606977891,0.9510389083908694,0.9419652606977891
synth_g_p2_y_mean,synth_b_p2_y_mean,A,A,False,0.9414525032161705,0.9339933618551399,0.9414525032161705
mfr_absmean,mfr_std,D_MFR,D_MFR,False,0.9413682538420635,0.9413591692052862,0.9413682538420635
mfr_absmean,mfr_energy,D_MFR,D_MFR,False,0.9412716823179206,0.9196153535085225,0.9412716823179206
ela_q60_mean,ela_q90_energy,E,E,False,0.9409949041015991,0.8844070614008447,0.9409949041015991
dct_ac_mean_abs,ela_slope_q90_q75,E,E,False,0.9401786935446734,0.9187162422719081,0.9401786935446734
synth_r_p2_x_mean,synth_g_p2_x_mean,A,A,False,0.9394787063696766,0.9438499525769475,0.9394787063696766
lbp_bin_0,lbp_bin_nonuniform,C_LBP,C_LBP,False,0.9394547577106054,0.9392700644812894,0.9394547577106054
lbp_bin_0,lbp_nonuniform_ratio,C_LBP,C_LBP,False,0.9394547577106054,0.9392700644812894,0.9394547577106054
HH2_absmean,dct_ac_mean_abs,B,E,True,0.9382541870635468,0.9387221589072277,0.9382541870635468
LH3_absmean,LH2_absmean,B,B,False,0.9377313514328378,0.9394177558311083,0.9377313514328378
mfr_absmean,ela_slope_q90_q75,D_MFR,E,True,0.9369009467252367,0.9288422895818277,0.9369009467252367
HL1_absmean,dct_ac_mean_abs,B,E,True,0.9345582731395683,0.91958937931697,0.9345582731395683
HL3_energy,HL3_absmean,B,B,False,0.9339473739868435,0.9191858162836706,0.9339473739868435
HL2_energy,HL1_energy,B,B,False,0.9335081408770353,0.9149203370375832,0.9335081408770353
HH1_absmean,mfr_absmean,B,D_MFR,True,0.9328447792111948,0.9254679219765187,0.9328447792111948
ela_q95_mean,ela_q75_mean,E,E,False,0.9306414690563295,0.9234411885638927,0.9306414690563295
HH3_energy,HH2_energy,B,B,False,0.930504552126138,0.918622941676122,0.930504552126138
synth_r_p2_y_mean,synth_g_p2_y_mean,A,A,False,0.9272359028089757,0.9461643763738321,0.9272359028089757
LH3_energy,LH3_absmean,B,B,False,0.9265616271404068,0.9118616178245076,0.9265616271404068
HL3_energy,HL2_energy,B,B,False,0.9242193645548411,0.9094129493491189,0.9242193645548411
HH2_absmean,HH1_absmean,B,B,False,0.9234490108622527,0.9070382606792482,0.9234490108622527
LH3_entropy,LH2_entropy,B,B,False,0.923254857909935,0.9351491171992762,0.923254857909935
LH2_energy,LH1_energy,B,B,False,0.9230486472621618,0.9201321593352878,0.9230486472621618
HH1_absmean,ela_q60_mean,B,E,True,0.9223668854376089,0.913458369730038,0.9223668854376089
synth_r_p4_d_mean,synth_b_p4_d_mean,A,A,False,0.9221712580428145,0.9352744509131736,0.9221712580428145
HL3_entropy,HL2_entropy,B,B,False,0.9221133448741288,0.9394200329447208,0.9221133448741288
HL2_energy,HL2_absmean,B,B,False,0.91988983997246,0.9026421290585075,0.91988983997246
LH3_energy,LH2_energy,B,B,False,0.9179904464976116,0.9116227880278303,0.9179904464976116
HH1_absmean,dct_ac_mean_abs,B,E,True,0.9171335187833797,0.8968412944910843,0.9171335187833797
synth_r_p2_d_mean,synth_b_p2_d_mean,A,A,False,0.9168946227236556,0.9199564615499607,0.9168946227236556
HH2_entropy,HH1_entropy,B,B,False,0.9168714477178619,0.9235813973834732,0.9168714477178619
synth_r_p2_x_mean,synth_b_p2_x_mean,A,A,False,0.9164810021202505,0.9106258838092272,0.9164810021202505
LH2_energy,LH2_absmean,B,B,False,0.9156564054141013,0.8989431165318328,0.9156564054141013
dct_ac_mean_abs,ela_q60_mean,E,E,False,0.9156407877535623,0.9025043783695712,0.9156407877535623
HH3_entropy,HH2_entropy,B,B,False,0.9154584578646144,0.9236453969364075,0.9154584578646144
HH2_absmean,ela_slope_q90_q75,B,E,True,0.9147964836991209,0.8991348460460192,0.9147964836991209
HL1_energy,HL1_absmean,B,B,False,0.9145647546411887,0.9021314861618897,0.9145647546411887
LH1_absmean,dct_ac_mean_abs,B,E,True,0.9136744444186111,0.9058274192701345,0.9136744444186111
lbp_bin_0,lbp_bin_1,C_LBP,C_LBP,False,0.9125600548474779,0.8998420873359861,0.9125600548474779
HH1_entropy,mfr_entropy,B,D_MFR,True,0.9124680901170226,0.9172708099624357,0.9124680901170226
HH3_absmean,HH2_energy,B,B,False,0.9116343734085933,0.8770137517667603,0.9116343734085933
HH2_energy,dct_ac_mean_abs,B,E,True,0.9111856167964042,0.8794802331177389,0.9111856167964042
synth_r_p2_y_mean,synth_b_p2_y_mean,A,A,False,0.9111418636271441,0.9137233945063679,0.9111418636271441
HH1_absmean,ela_q75_mean,B,E,True,0.9103121012607593,0.8942488397016816,0.9103121012607593
LH1_energy,LH1_absmean,B,B,False,0.9087022551755638,0.8946199082545817,0.9087022551755638
ela_q95_mean,ela_q60_mean,E,E,False,0.9086324424303222,0.8993729218755995,0.9086324424303222
mfr_absmean,ela_q60_mean,D_MFR,E,True,0.9065240374709559,0.89010797915779,0.9065240374709559
HL3_absmean,HL2_energy,B,B,False,0.9062847150711788,0.8768777940952933,0.9062847150711788
lbp_bin_1,lbp_std_code,C_LBP,C_LBP,False,0.9053471503146566,0.9048946814367479,0.9053471503146566
mfr_absmean,dct_ac_mean_abs,D_MFR,E,True,0.904645204161301,0.8889717293827725,0.904645204161301
HH2_energy,HH1_energy,B,B,False,0.9024547191136798,0.8681609390731833,0.9024547191136798
