index,name,raw_auc,effective_auc,direction,mutual_info
91,dct_high_freq_ratio,0.2804037782777782,0.7195962217222218,-1,0.0413454796070023
68,lbp_bin_4,0.7060342100912222,0.7060342100912222,1,0.04027756168022689
78,lbp_std_code,0.30158829999065495,0.698411700009345,-1,0.04166626955868935
64,lbp_bin_0,0.30607392657661864,0.6939260734233814,-1,0.04228110631170523
79,lbp_nonuniform_ratio,0.30991258778960684,0.6900874122103932,-1,0.022115629121418845
73,lbp_bin_nonuniform,0.30991258778960684,0.6900874122103932,-1,0.02158615037480316
89,dct_low_freq_ratio,0.6818062554363062,0.6818062554363062,1,0.03840615729107166
31,synth_b_p8_y_mean,0.328361883675626,0.671638116324374,-1,0.04868903366537336
11,synth_r_p8_y_mean,0.32919215590427786,0.6708078440957221,-1,0.05423937351730879
21,synth_g_p8_y_mean,0.32942757941499956,0.6705724205850004,-1,0.048513315782503064
90,dct_mid_freq_ratio,0.3324431569034799,0.6675568430965201,-1,0.011597472161033462
30,synth_b_p8_x_mean,0.33250066493663333,0.6674993350633667,-1,0.048626619453670195
10,synth_r_p8_x_mean,0.3349213937071835,0.6650786062928165,-1,0.04525401533279694
20,synth_g_p8_x_mean,0.33628002099043214,0.6637199790095678,-1,0.03991307479533823
69,lbp_bin_5,0.6609164623933406,0.6609164623933406,1,0.024294837524091673
65,lbp_bin_1,0.34228601620288834,0.6577139837971117,-1,0.020504291027846344
106,phase_hf_stability_q90,0.3472137357937187,0.6527862642062813,-1,0.0185679096693383
74,lbp_entropy,0.34877543831904023,0.6512245616809598,-1,0.02015228283705106
105,phase_diff_energy_q90,0.6485738007777961,0.6485738007777961,1,0.021774979952236873
103,phase_corr_q90,0.35301396007504793,0.6469860399249521,-1,0.01922068166220625
71,lbp_bin_7,0.3558372450776718,0.6441627549223282,-1,0.02588747018012194
101,ela_ratio_q90_q75,0.6417051850680392,0.6417051850680392,1,0.013286851901345376
104,phase_corr_q75,0.36869298617650653,0.6313070138234935,-1,0.012834572098460839
67,lbp_bin_3,0.6308217897937618,0.6308217897937618,1,0.01571283244000421
18,synth_g_p4_y_mean,0.3754142375513079,0.6245857624486921,-1,0.013948747237949366
35,LL3_entropy,0.6236494597839135,0.6236494597839135,1,0.009974931175536383
77,lbp_mean_code,0.3807436148111939,0.6192563851888061,-1,0.01996986720691285
75,lbp_uniformity,0.6172139514488431,0.6172139514488431,1,0.017567613307449825
60,HH1_energy,0.38664807240261373,0.6133519275973862,-1,0.003455534942100824
2,fft_high_freq_ratio,0.3876652457390142,0.6123347542609858,-1,0.017685354324307623
61,HH1_absmean,0.39321477093831547,0.6067852290616845,-1,0.006562549955667629
4,synth_r_p2_x_mean,0.6063197734183493,0.6063197734183493,1,0.022411567444119207
24,synth_b_p2_x_mean,0.6036276786163567,0.6036276786163567,1,0.02265059724809615
100,ela_slope_q90_q75,0.39731581255256593,0.602684187447434,-1,0.012903810692040718
81,mfr_std,0.39794660379121705,0.602053396208783,-1,0.013085725751892818
82,mfr_energy,0.3979879376900461,0.6020120623099539,-1,0.007030846045906092
17,synth_g_p4_x_mean,0.3981173307646412,0.6018826692353588,-1,0.014049750558897234
80,mfr_absmean,0.39834916002329074,0.6016508399767093,-1,0.003614424461696686
37,LH3_absmean,0.6012770377612122,0.6012770377612122,1,0.0035752349864770494
66,lbp_bin_2,0.40050031988843443,0.5994996801115655,-1,0.014474560089220434
36,LH3_energy,0.5975947265133599,0.5975947265133599,1,0.007858199323601323
107,grid_h_ratio,0.40681002940098193,0.593189970599018,-1,0.024252777545486603
22,synth_g_p8_d_mean,0.4068226092832342,0.5931773907167658,-1,0.0
8,synth_r_p4_y_mean,0.408102163020897,0.591897836979103,-1,0.006415682035723513
32,synth_b_p8_d_mean,0.40858738705062864,0.5914126129493713,-1,0.01679814235492394
109,grid_strength,0.4100790016605444,0.5899209983394555,-1,0.015667745541971367
12,synth_r_p8_d_mean,0.4104420211198252,0.5895579788801748,-1,0.00025430485010713433
25,synth_b_p2_y_mean,0.5885003702079634,0.5885003702079634,1,0.013316272796597639
38,LH3_entropy,0.5877213160713387,0.5877213160713387,1,0.015977542840843073
19,synth_g_p4_d_mean,0.4128807211507357,0.5871192788492643,-1,0.0
5,synth_r_p2_y_mean,0.5854641257700686,0.5854641257700686,1,0.0159558423522681
14,synth_g_p2_x_mean,0.5845889253905155,0.5845889253905155,1,0.013763706672310416
28,synth_b_p4_y_mean,0.41751191494561896,0.582488085054381,-1,0.012006597793531748
84,mfr_entropy,0.419222778931932,0.580777221068068,-1,0.008031813919880282
88,dct_sparsity_ratio,0.5797905988742802,0.5797905988742802,1,0.008013458318428146
97,ela_q75_mean,0.42188701828036607,0.578112981719634,-1,0.00510869621095722
98,ela_q60_mean,0.4219130766078887,0.5780869233921113,-1,0.011644512833569598
41,HL3_entropy,0.5771506207273328,0.5771506207273328,1,0.006119689622352542
9,synth_r_p4_d_mean,0.42426731171510523,0.5757326882848948,-1,0.010436595944160354
108,grid_v_ratio,0.4324864676409486,0.5675135323590514,-1,0.009147623538725336
29,synth_b_p4_d_mean,0.4347804990259577,0.5652195009740423,-1,0.0
62,HH1_entropy,0.4361301406790261,0.5638698593209739,-1,0.0018768864634131077
15,synth_g_p2_y_mean,0.5635176226179094,0.5635176226179094,1,0.019974760717969442
7,synth_r_p4_x_mean,0.43970462436471597,0.560295375635284,-1,0.010626872001795684
16,synth_g_p2_d_mean,0.4399023082286807,0.5600976917713193,-1,0.0
6,synth_r_p2_d_mean,0.44139571996463256,0.5586042800353674,-1,0.0
34,LL3_energy,0.5575996865812194,0.5575996865812194,1,0.0
40,HL3_absmean,0.5574181768515789,0.5574181768515789,1,0.009068083124364135
99,ela_q90_energy,0.44448857387266283,0.5555114261273372,-1,0.003961106302138306
96,ela_q90_mean,0.4445281106454558,0.5554718893545443,-1,0.014950997737531502
26,synth_b_p2_d_mean,0.44557583512446897,0.554424164875531,-1,0.001882496975731618
27,synth_b_p4_x_mean,0.4500938099790815,0.5499061900209186,-1,0.0
110,grid_anisotropy,0.5491531942118165,0.5491531942118165,1,0.0
39,HL3_energy,0.5490058298768609,0.5490058298768609,1,0.005533680882387149
47,LH2_entropy,0.548716492585058,0.548716492585058,1,0.010417649547975083
45,LH2_energy,0.5485619397459582,0.5485619397459582,1,0.007129899325748923
76,lbp_dominant_bin,0.5449676876738719,0.5449676876738719,1,0.00019870069455008021
57,HL1_energy,0.4554204915499134,0.5445795084500866,-1,0.004993604060549384
46,LH2_absmean,0.5439505143374714,0.5439505143374714,1,0.010461255573099626
58,HL1_absmean,0.456279517795142,0.543720482204858,-1,0.007404403867018461
85,dct_ac_mean_abs,0.4567413791864051,0.5432586208135949,-1,0.0006970649217412639
52,HH2_absmean,0.4575213318860478,0.5424786681139522,-1,0.008993074996367145
53,HH2_entropy,0.4585996075076737,0.5414003924923263,-1,0.008286605411548464
13,synth_r_fft_highfreq_ratio,0.4586382457174487,0.5413617542825513,-1,0.0035611201000442794
83,mfr_kurtosis,0.5412494339052987,0.5412494339052987,1,0.008922296281896891
93,dct_benford_ssd,0.5355507472450058,0.5355507472450058,1,0.0
72,lbp_bin_8,0.4664557439742364,0.5335442560257636,-1,0.03161496184831436
23,synth_g_fft_highfreq_ratio,0.4674684244955467,0.5325315755044533,-1,0.017944853743714795
94,dct_block_var_mean,0.5324974301097685,0.5324974301097685,1,0.010167805282849107
86,dct_ac_energy,0.5324183565641825,0.5324183565641825,1,0.008561267865172528
33,synth_b_fft_highfreq_ratio,0.46798150397883703,0.5320184960211629,-1,0.0041450386488992574
51,HH2_energy,0.4684999748402355,0.5315000251597646,-1,0.0
42,HH3_energy,0.5287540165766905,0.5287540165766905,1,0.0
70,lbp_bin_6,0.471977413719979,0.528022586280021,-1,0.0066769827335202425
50,HL2_entropy,0.5253313900410463,0.5253313900410463,1,0.0
3,fft_spectral_centroid,0.5246565692145122,0.5246565692145122,1,0.0
102,ela_q90_gini,0.524107547210501,0.524107547210501,1,0.0
63,detail_energy_ratio,0.5240796917569422,0.5240796917569422,1,0.009059346298558646
95,ela_q95_mean,0.47892330584928583,0.5210766941507141,-1,0.002485348068739457
48,HL2_energy,0.5203740178706213,0.5203740178706213,1,0.005677580560104811
54,LH1_energy,0.481182293276592,0.518817706723408,-1,0.0
56,LH1_entropy,0.5175579213721417,0.5175579213721417,1,0.0
43,HH3_absmean,0.5171320025015995,0.5171320025015995,1,0.0
0,fft_low_freq_ratio,0.5165119940191645,0.5165119940191645,1,0.012218817641551194
92,dct_anisotropy,0.5161399889297036,0.5161399889297036,1,0.0
55,LH1_absmean,0.48439914888110935,0.5156008511188906,-1,0.004863485713382021
49,HL2_absmean,0.5139456980396949,0.5139456980396949,1,0.0
1,fft_mid_freq_ratio,0.5118340749473442,0.5118340749473442,1,0.0
44,HH3_entropy,0.5059466900532668,0.5059466900532668,1,0.00020586136880851313
59,HL1_entropy,0.4958180877141276,0.5041819122858724,-1,0.0
87,dct_ac_kurtosis,0.5000359425207208,0.5000359425207208,1,0.0
