feature,mean_delta_ai_minus_real,median_delta,cohens_dz,direction_consistency_ai_gt_real,exact_signflip_p,q_fdr,abs_effect
qwt_HL2_magnitude_entropy,-0.8683304488658905,-0.8791779279708862,-3.063365585953635,0.0,0.0078125,0.025320030120481927,3.063365585953635
qwt_LH2_magnitude_entropy,-0.7486552894115448,-0.6696181297302246,-2.4545394629376562,0.0,0.0078125,0.025320030120481927,2.4545394629376562
LH2_entropy,-0.9614818394184113,-0.9711403846740723,-2.3635939067893306,0.0,0.0078125,0.025320030120481927,2.3635939067893306
HL2_entropy,-0.8972740471363068,-0.8979326486587524,-2.3025737505263604,0.0,0.0078125,0.025320030120481927,2.3025737505263604
HH2_entropy,-1.313645526766777,-1.368270754814148,-2.2995646697328813,0.0,0.0078125,0.025320030120481927,2.2995646697328813
lbp_mean_code,0.4740900993347168,0.4813709259033203,2.2562473420641846,1.0,0.0078125,0.025320030120481927,2.2562473420641846
qwt_HH1_phase_gb_circular_coherence,0.44334242888726294,0.5030449703335762,2.115547050949855,1.0,0.0078125,0.025320030120481927,2.115547050949855
qwt_HH1_phase_rb_circular_coherence,0.44728504307568073,0.5151614397764206,2.107295771210883,1.0,0.0078125,0.025320030120481927,2.107295771210883
qwt_HH1_phase_rg_circular_coherence,0.44084127992391586,0.503032311797142,2.0960642253372628,1.0,0.0078125,0.025320030120481927,2.0960642253372628
qwt_HL1_phase_gb_circular_coherence,0.4220706059713848,0.5022172704339027,2.0710557575334403,1.0,0.0078125,0.025320030120481927,2.0710557575334403
qwt_HL1_phase_rg_circular_coherence,0.41805357462726533,0.5070370025932789,2.049271374693034,1.0,0.0078125,0.025320030120481927,2.049271374693034
qwt_LH1_magnitude_entropy,-1.115396574139595,-1.1462947130203247,-2.040289016868362,0.0,0.0078125,0.025320030120481927,2.040289016868362
qwt_HL1_phase_rb_circular_coherence,0.4185949948732741,0.517286378890276,2.021479670060698,1.0,0.0078125,0.025320030120481927,2.021479670060698
synth_r_p2_x_mean,0.1280639842734672,0.11719528213143349,1.9769341749054736,1.0,0.0078125,0.025320030120481927,1.9769341749054736
synth_b_p2_x_mean,0.1278688912279904,0.11621839087456465,1.9368410115794015,1.0,0.0078125,0.025320030120481927,1.9368410115794015
qwt_HH2_magnitude_entropy,-1.1214777529239655,-1.1658889055252075,-1.9153813169936849,0.0,0.0078125,0.025320030120481927,1.9153813169936849
qwt_HH2_phase_gb_circular_coherence,0.37027934804791585,0.4271537773311138,1.9108951709843285,1.0,0.0078125,0.025320030120481927,1.9108951709843285
qwt_HH2_phase_rg_circular_coherence,0.37235176406102255,0.43765402492135763,1.9079320047288615,1.0,0.0078125,0.025320030120481927,1.9079320047288615
qwt_HH2_phase_rb_circular_coherence,0.36827992781763896,0.4312781543121673,1.88579440866381,1.0,0.0078125,0.025320030120481927,1.88579440866381
HL1_entropy,-1.135555624961853,-1.0829803943634033,-1.880435145960335,0.0,0.0078125,0.025320030120481927,1.880435145960335
qwt_HL1_magnitude_entropy,-1.1293337643146515,-1.1219019889831543,-1.878492422703462,0.0,0.0078125,0.025320030120481927,1.878492422703462
qwt_HL1_magnitude_mean,-0.010380761115811765,-0.011090066283941269,-1.8693784688140682,0.0,0.0078125,0.025320030120481927,1.8693784688140682
qwt_HL2_phase_rg_circular_coherence,0.291425583709497,0.3739676643162966,1.8665130277294248,1.0,0.0078125,0.025320030120481927,1.8665130277294248
LH1_absmean,-0.006024808652000502,-0.006432462017983198,-1.8415853087116596,0.0,0.0078125,0.025320030120481927,1.8415853087116596
synth_g_p2_x_mean,0.11899073712993413,0.10403435584157705,1.8329553981865747,1.0,0.0078125,0.025320030120481927,1.8329553981865747
qwt_HL2_phase_rb_circular_coherence,0.28469405928626657,0.3682511914521456,1.8205924922976253,1.0,0.0078125,0.025320030120481927,1.8205924922976253
LH3_entropy,-0.38657790422439575,-0.3972196578979492,-1.819634469886029,0.0,0.0078125,0.025320030120481927,1.819634469886029
qwt_HH1_phase_gb_std,-0.494866281747818,-0.6009502410888672,-1.8099517477325393,0.0,0.0078125,0.025320030120481927,1.8099517477325393
qwt_HH1_phase_rb_std,-0.5019881799817085,-0.6076715588569641,-1.7989788453974216,0.0,0.0078125,0.025320030120481927,1.7989788453974216
qwt_HL1_phase_gb_std,-0.43953627347946167,-0.5681542754173279,-1.7976166599172592,0.0,0.0078125,0.025320030120481927,1.7976166599172592
qwt_LH1_phase_rg_circular_coherence,0.4133107193047181,0.5183178279548883,1.7959736680184595,1.0,0.0078125,0.025320030120481927,1.7959736680184595
qwt_LH1_phase_rb_circular_coherence,0.4166683969087899,0.524763498455286,1.7924156260761919,1.0,0.0078125,0.025320030120481927,1.7924156260761919
qwt_LH1_phase_gb_circular_coherence,0.4159979388350621,0.5189637672156096,1.791766180391024,1.0,0.0078125,0.025320030120481927,1.791766180391024
qwt_HL2_phase_gb_circular_coherence,0.25355931278318167,0.30851127579808235,1.7783570785916656,1.0,0.0078125,0.025320030120481927,1.7783570785916656
qwt_HH1_phase_rg_std,-0.4893796592950821,-0.6077428758144379,-1.7632679551436856,0.0,0.0078125,0.025320030120481927,1.7632679551436856
LH1_entropy,-1.1992081701755524,-1.238079309463501,-1.75692823311949,0.0,0.0078125,0.025320030120481927,1.75692823311949
qwt_HH2_magnitude_mean,-0.01764395390637219,-0.016208559274673462,-1.7436676996721512,0.0,0.0078125,0.025320030120481927,1.7436676996721512
qwt_HL1_phase_rg_std,-0.4189752787351608,-0.563946008682251,-1.7391369578470541,0.0,0.0078125,0.025320030120481927,1.7391369578470541
HH2_absmean,-0.010311793128494173,-0.009552283212542534,-1.7326564812177827,0.0,0.0078125,0.025320030120481927,1.7326564812177827
qwt_HL1_phase_rb_std,-0.4334178566932678,-0.5775392651557922,-1.7272485616655526,0.0,0.0078125,0.025320030120481927,1.7272485616655526
HH1_entropy,-1.5156933665275574,-1.5116300582885742,-1.7042572602040034,0.125,0.015625,0.03686951754385965,1.7042572602040034
lbp_std_code,-0.596802219748497,-0.6765133142471313,-1.6969240263485765,0.125,0.015625,0.03686951754385965,1.6969240263485765
qwt_LH1_phase_rb_std,-0.46405141800642014,-0.596483588218689,-1.6963544335930383,0.0,0.0078125,0.025320030120481927,1.6963544335930383
qwt_HH1_magnitude_entropy,-1.3424223512411118,-1.497516393661499,-1.6953104500813811,0.125,0.015625,0.03686951754385965,1.6953104500813811
LH2_absmean,-0.012140701757743955,-0.014047505334019661,-1.6776129895626977,0.0,0.0078125,0.025320030120481927,1.6776129895626977
qwt_LH1_phase_gb_std,-0.4630879685282707,-0.589087724685669,-1.673613368478166,0.0,0.0078125,0.025320030120481927,1.673613368478166
qwt_LH1_phase_rg_std,-0.4522484391927719,-0.5994126796722412,-1.6665445714219747,0.0,0.0078125,0.025320030120481927,1.6665445714219747
ela_p95,-0.0049019609577953815,-0.005882353987544775,-1.6651988752889053,0.0,0.015625,0.03686951754385965,1.6651988752889053
qwt_HL3_magnitude_mean,-0.035422355867922306,-0.03628753125667572,-1.6467871150471844,0.125,0.015625,0.03686951754385965,1.6467871150471844
qwt_HL2_magnitude_mean,-0.02031585481017828,-0.02329319156706333,-1.639134226016918,0.0,0.0078125,0.025320030120481927,1.639134226016918
synth_b_p4_x_mean,0.26993682063766755,0.2504289244534448,1.636338448904019,1.0,0.0078125,0.025320030120481927,1.636338448904019
ela_mean,-0.0019112599838990718,-0.002314553828909993,-1.6316218353306629,0.125,0.015625,0.03686951754385965,1.6316218353306629
LH3_absmean,-0.02077249949797988,-0.020772721618413925,-1.6175042735611436,0.125,0.015625,0.03686951754385965,1.6175042735611436
synth_r_p4_x_mean,0.26497740880586207,0.2439226759597659,1.595969911258753,1.0,0.0078125,0.025320030120481927,1.595969911258753
qwt_HL3_magnitude_entropy,-0.3710651993751526,-0.4235236644744873,-1.565381830358141,0.125,0.015625,0.03686951754385965,1.565381830358141
qwt_HH3_phase_rg_circular_coherence,0.2012029143224936,0.15804652590304613,1.5589753821932768,1.0,0.0078125,0.025320030120481927,1.5589753821932768
synth_b_p2_y_mean,0.11443725496064872,0.10024712840095162,1.5560325966538957,1.0,0.0078125,0.025320030120481927,1.5560325966538957
synth_g_p4_x_mean,0.26067361305467784,0.2400008486583829,1.5405180286773532,1.0,0.0078125,0.025320030120481927,1.5405180286773532
ela_std,-0.001442635286366567,-0.0015690787695348263,-1.538481851263944,0.125,0.015625,0.03686951754385965,1.538481851263944
qwt_HL2_phase_rg_std,-0.2673117369413376,-0.33524811267852783,-1.5316930535022413,0.125,0.015625,0.03686951754385965,1.5316930535022413
qwt_LH2_phase_rg_circular_coherence,0.3156883185438346,0.38427198957651854,1.5216793810154097,1.0,0.0078125,0.025320030120481927,1.5216793810154097
gradient_p95,-0.02470493339933455,-0.022254999727010727,-1.5185518946077103,0.125,0.015625,0.03686951754385965,1.5185518946077103
qwt_HH2_phase_gb_std,-0.33161796629428864,-0.40621477365493774,-1.5079086061441704,0.0,0.0078125,0.025320030120481927,1.5079086061441704
synth_g_p2_y_mean,0.10625530799734406,0.08798875007778406,1.5011339718478072,1.0,0.0078125,0.025320030120481927,1.5011339718478072
dct_coeff_abs_mean,-0.00722569040954113,-0.006467986851930618,-1.499750260436677,0.0,0.0078125,0.025320030120481927,1.499750260436677
qwt_HH3_phase_rb_circular_coherence,0.18656770506640896,0.14144342951476574,1.4940094980604528,1.0,0.0078125,0.025320030120481927,1.4940094980604528
qwt_LH2_phase_rg_std,-0.3163551539182663,-0.3712186813354492,-1.4912539899714246,0.0,0.0078125,0.025320030120481927,1.4912539899714246
synth_r_p2_y_mean,0.1100348203908652,0.09007620019838214,1.4849561095876231,1.0,0.0078125,0.025320030120481927,1.4849561095876231
qwt_HH2_phase_rb_std,-0.32761572301387787,-0.39331507682800293,-1.4757467188255269,0.125,0.015625,0.03686951754385965,1.4757467188255269
HH3_absmean,-0.01377100101672113,-0.011222693137824535,-1.4582098297722572,0.0,0.0078125,0.025320030120481927,1.4582098297722572
qwt_HH3_phase_gb_circular_coherence,0.181162053195294,0.14456613082438707,1.4488522214837112,1.0,0.0078125,0.025320030120481927,1.4488522214837112
qwt_HH3_magnitude_mean,-0.023143662605434656,-0.019973518326878548,-1.4460956298976562,0.0,0.0078125,0.025320030120481927,1.4460956298976562
qwt_HL2_phase_rb_std,-0.26527443528175354,-0.3458293080329895,-1.436292805143126,0.125,0.015625,0.03686951754385965,1.436292805143126
qwt_LH2_quaternion_kurtosis,7.858756482601166,7.881708145141602,1.4344480787211198,1.0,0.0078125,0.025320030120481927,1.4344480787211198
HH3_entropy,-0.6309141516685486,-0.6970119476318359,-1.4263010380731977,0.125,0.015625,0.03686951754385965,1.4263010380731977
qwt_LH2_quaternion_skewness,0.6198657006025314,0.5490820407867432,1.425885444269607,1.0,0.0078125,0.025320030120481927,1.425885444269607
qwt_HH2_phase_rg_std,-0.3175531327724457,-0.38828545808792114,-1.4246432796067434,0.125,0.015625,0.03686951754385965,1.4246432796067434
HL3_entropy,-0.4330939054489136,-0.4721183776855469,-1.4175645707855329,0.125,0.015625,0.03686951754385965,1.4175645707855329
glcm_homogeneity_mean,0.08799607784684518,0.0878570122525057,1.4167845505598142,1.0,0.0078125,0.025320030120481927,1.4167845505598142
qwt_LH2_phase_rb_circular_coherence,0.29718512811814435,0.36674597952514887,1.4161985814746663,0.875,0.015625,0.03686951754385965,1.4161985814746663
qwt_LH2_phase_rb_std,-0.30009156465530396,-0.37155598402023315,-1.4078339097592063,0.0,0.0078125,0.025320030120481927,1.4078339097592063
gradient_mean,-0.006923659355379641,-0.007612733170390129,-1.3722261270201068,0.0,0.0078125,0.025320030120481927,1.3722261270201068
qwt_HL3_phase_gb_std,-0.10492528975009918,-0.1009405255317688,-1.3696968283373108,0.125,0.015625,0.03686951754385965,1.3696968283373108
synth_b_p4_y_mean,0.2835342751350254,0.2508058142848313,1.367443939894444,1.0,0.0078125,0.025320030120481927,1.367443939894444
qwt_HL3_phase_gb_circular_coherence,0.1284697144292295,0.13273646123707294,1.355464004342092,1.0,0.0078125,0.025320030120481927,1.355464004342092
qwt_LH2_phase_gb_circular_coherence,0.2596067093836609,0.328712928108871,1.3545705784080746,0.875,0.0234375,0.05084425403225806,1.3545705784080746
qwt_LH3_phase_gb_std,-0.12453536689281464,-0.11717474460601807,-1.3109049766211887,0.0,0.0078125,0.025320030120481927,1.3109049766211887
synth_r_p4_y_mean,0.27395474060904235,0.24031880544498563,1.2981995496680938,1.0,0.0078125,0.025320030120481927,1.2981995496680938
glcm_dissimilarity_mean,-0.35553592331094086,-0.3021655856861575,-1.2815835832115947,0.0,0.0078125,0.025320030120481927,1.2815835832115947
synth_g_p4_y_mean,0.27199410198954865,0.23476578062400222,1.275100726126959,1.0,0.0078125,0.025320030120481927,1.275100726126959
qwt_HL2_phase_gb_std,-0.20183786749839783,-0.2755119204521179,-1.2603321623901607,0.125,0.0234375,0.05084425403225806,1.2603321623901607
qwt_HL1_quaternion_kurtosis,10.546364545822144,10.051976203918457,1.2382946689102707,0.875,0.0234375,0.05084425403225806,1.2382946689102707
qwt_LH2_phase_gb_std,-0.22481049597263336,-0.29537761211395264,-1.229543811612058,0.25,0.03125,0.061810661764705885,1.229543811612058
HL2_absmean,-0.015866911271587014,-0.013189101591706276,-1.2274373299813512,0.0,0.0078125,0.025320030120481927,1.2274373299813512
qwt_HH3_phase_rb_std,-0.1438516229391098,-0.12505143880844116,-1.2180798098926784,0.0,0.0078125,0.025320030120481927,1.2180798098926784
lbp_hist_entropy,-0.39564988017082214,-0.43897056579589844,-1.214018256791134,0.125,0.015625,0.03686951754385965,1.214018256791134
qwt_LH2_magnitude_mean,-0.026479681488126516,-0.02200513333082199,-1.1860293123076942,0.0,0.0078125,0.025320030120481927,1.1860293123076942
qwt_HL3_magnitude_energy,-0.027813522232463583,-0.024730224162340164,-1.124175171643627,0.125,0.0234375,0.05084425403225806,1.124175171643627
HL2_energy,-0.0036394778871908784,-0.003285500453785062,-1.1172355777508332,0.25,0.03125,0.061810661764705885,1.1172355777508332
LH3_energy,-0.009225251502357423,-0.007417595013976097,-1.116113376939833,0.125,0.015625,0.03686951754385965,1.116113376939833
hp_absmean,-0.0058944411866832525,-0.004180887248367071,-1.1150369205409603,0.0,0.0078125,0.025320030120481927,1.1150369205409603
qwt_HH3_phase_gb_std,-0.1261756867170334,-0.11530280113220215,-1.1089501790723484,0.0,0.0078125,0.025320030120481927,1.1089501790723484
qwt_HL1_quaternion_skewness,0.6555720567703247,0.7079789638519287,1.1073332880558768,0.875,0.0234375,0.05084425403225806,1.1073332880558768
qwt_LH3_magnitude_entropy,-0.30655422806739807,-0.38016629219055176,-1.1014310084259122,0.125,0.0390625,0.07348120629370629,1.1014310084259122
qwt_LH2_magnitude_energy,-0.0106072211638093,-0.009391494560986757,-1.0943624288938414,0.25,0.03125,0.061810661764705885,1.0943624288938414
qwt_HH3_phase_rg_std,-0.14869441092014313,-0.10411107540130615,-1.087767020301521,0.0,0.0078125,0.025320030120481927,1.087767020301521
qwt_HH3_magnitude_entropy,-0.46418771147727966,-0.5284929275512695,-1.075810973553473,0.25,0.0390625,0.07348120629370629,1.075810973553473
glcm_contrast_mean,-2.0034972955799484,-1.9314657516165004,-1.0725671222112063,0.25,0.03125,0.061810661764705885,1.0725671222112063
HH2_energy,-0.0011908641117770458,-0.0009828325200942345,-1.067656497393482,0.125,0.0234375,0.05084425403225806,1.067656497393482
hp_kurtosis,9.759084850549698,8.892878532409668,1.0567608636927492,1.0,0.0078125,0.025320030120481927,1.0567608636927492
qwt_HH1_magnitude_mean,-0.00913293166377116,-0.0063884686678647995,-1.052089265807391,0.125,0.015625,0.03686951754385965,1.052089265807391
qwt_HH2_magnitude_energy,-0.0034227031574118882,-0.002930624585133046,-1.0494075748144434,0.125,0.0234375,0.05084425403225806,1.0494075748144434
qwt_HL3_phase_rg_circular_coherence,0.10887772554997355,0.11426984705030918,1.0486546694976533,0.75,0.0390625,0.07348120629370629,1.0486546694976533
HH1_absmean,-0.005265684667392634,-0.0036046376917511225,-1.0414626608976583,0.125,0.015625,0.03686951754385965,1.0414626608976583
crossdiff_fft_highfreq_ratio,-0.024844836443662643,-0.02018546313047409,-1.0391417058247392,0.125,0.015625,0.03686951754385965,1.0391417058247392
qwt_HL3_phase_rb_circular_coherence,0.10112360981293023,0.1108339224010706,1.0338309272388964,0.875,0.0390625,0.07348120629370629,1.0338309272388964
qwt_LH1_quaternion_skewness,0.6685385853052139,0.5262199640274048,1.0286960361777586,0.875,0.015625,0.03686951754385965,1.0286960361777586
qwt_LH1_quaternion_kurtosis,11.758248090744019,8.386760711669922,1.0017097837053708,0.875,0.015625,0.03686951754385965,1.0017097837053708
laplacian_absmean,-0.0034166484256275,-0.002352337818592787,-0.995488242421323,0.0,0.0078125,0.025320030120481927,0.995488242421323
crossdiff_absmean,-0.009778594714589417,-0.006393916439265013,-0.9922974832221628,0.125,0.0234375,0.05084425403225806,0.9922974832221628
qwt_detail_magnitude_energy_ratio,-0.0012729569259282223,-0.0013361448934392159,-0.9847471944266167,0.25,0.0390625,0.07348120629370629,0.9847471944266167
contour_count,-74.0,-51.0,-0.9806948273749505,0.125,0.015625,0.03686951754385965,0.9806948273749505
qwt_LH3_phase_gb_circular_coherence,0.12493232532870024,0.1188969537615776,0.9776244741923413,0.75,0.046875,0.0813508064516129,0.9776244741923413
LH2_energy,-0.002122247351508122,-0.0017861522210296243,-0.976404289085763,0.25,0.03125,0.061810661764705885,0.976404289085763
qwt_HH1_quaternion_skewness,1.4437418431043625,1.169432282447815,0.9703339651549301,0.875,0.015625,0.03686951754385965,0.9703339651549301
qwt_HH2_magnitude_std,-0.01583196339197457,-0.015895068645477295,-0.9690428971606226,0.25,0.03125,0.061810661764705885,0.9690428971606226
qwt_HL2_magnitude_energy,-0.0061343836423475295,-0.005244677769951522,-0.9655086972391778,0.25,0.03125,0.061810661764705885,0.9655086972391778
glcm_contrast_std,-0.601718964831081,-0.5845232525770827,-0.9646993474741589,0.25,0.0390625,0.07348120629370629,0.9646993474741589
detail_energy_ratio,-0.0016988618437024697,-0.0015880947526260157,-0.9636638588902031,0.125,0.0234375,0.05084425403225806,0.9636638588902031
qwt_HL3_magnitude_std,-0.033330720383673906,-0.03400270640850067,-0.9587352539171314,0.125,0.03125,0.061810661764705885,0.9587352539171314
qwt_LH1_magnitude_mean,-0.015730223152786493,-0.011413490399718285,-0.948350406112456,0.0,0.0078125,0.025320030120481927,0.948350406112456
gradient_std,-0.006211400264874101,-0.006479366682469845,-0.9476882974276457,0.25,0.046875,0.0813508064516129,0.9476882974276457
HL1_absmean,-0.009138234599959105,-0.006482873344793916,-0.9451811014190284,0.0,0.0078125,0.025320030120481927,0.9451811014190284
HH3_energy,-0.0037362534349085763,-0.002451009990181774,-0.942058500047868,0.125,0.015625,0.03686951754385965,0.942058500047868
qwt_HH3_magnitude_std,-0.021975462324917316,-0.02585505321621895,-0.9302658990317539,0.25,0.046875,0.0813508064516129,0.9302658990317539
qwt_HH3_magnitude_energy,-0.010843542637303472,-0.007131531368941069,-0.9284066758533399,0.25,0.03125,0.061810661764705885,0.9284066758533399
glcm_dissimilarity_std,-0.054954870619813516,-0.057040413735501436,-0.904870686973621,0.25,0.0546875,0.09137228260869565,0.904870686973621
qwt_HH1_quaternion_kurtosis,24.705704033374786,13.299678802490234,0.8894022048828459,0.875,0.015625,0.03686951754385965,0.8894022048828459
qwt_HL3_phase_rb_std,-0.07593213021755219,-0.0755002498626709,-0.8888590479285269,0.375,0.0703125,0.11394013554216867,0.8888590479285269
qwt_LH2_magnitude_std,-0.026437553577125072,-0.018935516476631165,-0.8862959025740273,0.25,0.046875,0.0813508064516129,0.8862959025740273
glcm_entropy_mean,-0.5025281866568122,-0.3770070172272133,-0.8809152689372245,0.125,0.0546875,0.09137228260869565,0.8809152689372245
hp_std,-0.008128753921482712,-0.006019220687448978,-0.8730724526913756,0.25,0.0625,0.10251524390243902,0.8730724526913756
qwt_HL3_quaternion_skewness,0.31868937611579895,0.17913269996643066,0.8677939898154509,0.875,0.0234375,0.05084425403225806,0.8677939898154509
qwt_HL2_quaternion_skewness,0.2409897893667221,0.27022528648376465,0.8637219583014996,0.875,0.0546875,0.09137228260869565,0.8637219583014996
LH1_energy,-0.00048530736785323825,-0.000519656838150695,-0.8626304089611662,0.25,0.046875,0.0813508064516129,0.8626304089611662
lbp_dominant_bin,0.1059870719909668,0.12861061096191406,0.8602439984951094,0.75,0.046875,0.0813508064516129,0.8602439984951094
qwt_HH2_quaternion_skewness,0.6444210559129715,0.6070621013641357,0.8573116270237707,0.625,0.0703125,0.11394013554216867,0.8573116270237707
qwt_HL2_quaternion_kurtosis,2.857067346572876,2.904783248901367,0.8554543645165303,0.875,0.046875,0.0813508064516129,0.8554543645165303
qwt_HL3_quaternion_kurtosis,3.42509126663208,2.2096943855285645,0.83956993599093,0.75,0.046875,0.0813508064516129,0.83956993599093
qwt_HL2_magnitude_std,-0.01410813583061099,-0.018152661621570587,-0.8384850260201273,0.25,0.0546875,0.09137228260869565,0.8384850260201273
qwt_HL1_magnitude_energy,-0.0013790548000542913,-0.0015092139365151525,-0.8241857243341552,0.25,0.0625,0.10251524390243902,0.8241857243341552
qwt_LH3_quaternion_skewness,0.49206261336803436,0.40969616174697876,0.8082465705451597,0.875,0.0390625,0.07348120629370629,0.8082465705451597
qwt_LH3_phase_rg_circular_coherence,0.09434728976339102,0.07646394148468971,0.7989243540313429,0.75,0.046875,0.0813508064516129,0.7989243540313429
glcm_ASM_std,0.0013099378586634116,0.0008513868909461528,0.7716099114301591,0.875,0.0546875,0.09137228260869565,0.7716099114301591
HL1_energy,-0.0011663416189549025,-0.000717179209459573,-0.7693158833074155,0.25,0.046875,0.0813508064516129,0.7693158833074155
qwt_LH1_magnitude_std,-0.017528509721159935,-0.01519276574254036,-0.7592551651410226,0.25,0.0859375,0.13440225290697674,0.7592551651410226
HL3_absmean,-0.016771985683590174,-0.01803121715784073,-0.7558262340341576,0.25,0.0546875,0.09137228260869565,0.7558262340341576
contour_perimeter_per_area,-0.02845503586996756,-0.018541933590768167,-0.7546863755569112,0.0,0.0078125,0.025320030120481927,0.7546863755569112
qwt_LH1_magnitude_energy,-0.0033867541642393917,-0.0021278952481225133,-0.7503777830478706,0.25,0.046875,0.0813508064516129,0.7503777830478706
qwt_LH3_phase_rb_circular_coherence,0.08629202947486192,0.05162836238741875,0.7455357883005034,0.75,0.046875,0.0813508064516129,0.7455357883005034
edge_density,-0.015447139739990234,-0.010406494140625,-0.7429603435755208,0.0,0.0078125,0.025320030120481927,0.7429603435755208
HH1_energy,-0.00029190101668064017,-0.00011693935084622353,-0.7417790637334527,0.25,0.0859375,0.13440225290697674,0.7417790637334527
qwt_HH1_magnitude_energy,-0.0008494248963870632,-0.0003404031813261099,-0.727885459177467,0.25,0.0859375,0.13440225290697674,0.727885459177467
qwt_LH3_phase_rb_std,-0.06560666859149933,-0.04850292205810547,-0.7271102405743506,0.125,0.03125,0.061810661764705885,0.7271102405743506
laplacian_std,-0.0035000765055883676,-0.0024187788367271423,-0.7210867310664372,0.25,0.078125,0.12509300595238096,0.7210867310664372
low_freq_ratio,0.04472421109676361,0.015886574983596802,0.7039453705509455,0.875,0.015625,0.03686951754385965,0.7039453705509455
glcm_energy_mean,0.03503196402095274,0.03513070738181684,0.6988343133246049,0.75,0.09375,0.14410714285714285,0.6988343133246049
glcm_ASM_mean,0.014696044249230853,0.015947131272433815,0.6938632831199225,0.75,0.09375,0.14410714285714285,0.6938632831199225
crossdiff_std,-0.009589940949808806,-0.0057257963344454765,-0.6910632086338832,0.375,0.125,0.18475274725274726,0.6910632086338832
qwt_HL3_phase_rg_std,-0.06909091770648956,-0.04619574546813965,-0.6851367651617882,0.5,0.125,0.18475274725274726,0.6851367651617882
qwt_LH3_magnitude_mean,-0.026585301384329796,-0.03139247000217438,-0.6841288830964847,0.25,0.09375,0.14410714285714285,0.6841288830964847
spectral_centroid,-0.019977277726866305,-0.006463995669037104,-0.6837350262992354,0.25,0.03125,0.061810661764705885,0.6837350262992354
qwt_HH1_magnitude_std,-0.008369907678570598,-0.005869124550372362,-0.6784918636402161,0.375,0.125,0.18475274725274726,0.6784918636402161
glcm_correlation_mean,0.056882443617247036,0.02493526040381694,0.6728486571604418,0.75,0.03125,0.061810661764705885,0.6728486571604418
dct_dc_ratio_mean,0.01693655550479889,0.010014921426773071,0.6692874673273931,0.625,0.0625,0.10251524390243902,0.6692874673273931
qwt_HH2_quaternion_kurtosis,8.731568038463593,2.914785385131836,0.6692561799780509,0.75,0.1015625,0.15348490168539325,0.6692561799780509
qwt_LH3_quaternion_kurtosis,5.618692755699158,2.417336940765381,0.6659739228754703,0.75,0.0859375,0.13440225290697674,0.6659739228754703
mid_freq_ratio,-0.037044916971353814,-0.014310452155768871,-0.6397549416659307,0.125,0.015625,0.03686951754385965,0.6397549416659307
dct_highfreq_ratio_mean,-0.002195998662045895,-0.00037878716830164194,-0.635239306906793,0.25,0.1015625,0.15348490168539325,0.635239306906793
qwt_HH3_quaternion_skewness,0.37129975855350494,0.20591551065444946,0.6294444955527875,0.75,0.1171875,0.17610858938547486,0.6294444955527875
qwt_HH3_quaternion_kurtosis,5.616369128227234,3.525284767150879,0.6251940944995051,0.75,0.1015625,0.15348490168539325,0.6251940944995051
qwt_HL1_magnitude_std,-0.006839070236310363,-0.009545745328068733,-0.580448135383258,0.25,0.1640625,0.23727318548387097,0.580448135383258
synth_b_p4_d_mean,0.02114513743435964,0.010880140122026205,0.5769054262029318,0.75,0.1484375,0.21583614864864864,0.5769054262029318
g_std,-0.009688202291727066,-0.008436538279056549,-0.5671806968205163,0.25,0.1484375,0.21583614864864864,0.5671806968205163
glcm_correlation_std,-0.022917682506111987,-0.006554501230398257,-0.5409072609502968,0.25,0.078125,0.12509300595238096,0.5409072609502968
synth_r_p4_d_mean,0.019146277627442032,0.003635250963270664,0.516059315630574,0.5,0.21875,0.3113425925925926,0.516059315630574
qwt_LH3_phase_rg_std,-0.054017290472984314,-0.03275442123413086,-0.5117642153919373,0.125,0.1328125,0.1952271174863388,0.5117642153919373
glcm_energy_std,0.00108300181444474,0.0008855912299713681,0.47657865465794513,0.625,0.21875,0.3113425925925926,0.47657865465794513
synth_g_p4_d_mean,0.018374263774603605,0.004923956468701363,0.4705744851932804,0.75,0.2578125,0.36309718586387435,0.4705744851932804
high_freq_ratio,-0.0076792889085481875,-0.0022701036650687456,-0.46006966476826366,0.375,0.21875,0.3113425925925926,0.46006966476826366
intensity_std,-0.0084692956879735,-0.008249573409557343,-0.4545910847511952,0.25,0.2421875,0.34288651315789476,0.4545910847511952
qwt_LL2_quaternion_skewness,0.07908444479107857,0.05675692856311798,0.43706417316308926,0.75,0.265625,0.3721516927083333,0.43706417316308926
qwt_LL1_quaternion_skewness,0.0700241532176733,0.06298603117465973,0.4186363427069336,0.75,0.3046875,0.4203125,0.4186363427069336
synth_b_p2_d_mean,0.008997525903396308,0.0088441027328372,0.4084538147978718,0.625,0.296875,0.41164626288659795,0.4084538147978718
r_std,-0.008662504144012928,-0.015206199139356613,-0.40784306337064624,0.375,0.296875,0.41164626288659795,0.40784306337064624
HL3_energy,-0.005841345526278019,-0.003377953078597784,-0.3564575326940867,0.5,0.359375,0.4907201776649746,0.3564575326940867
qwt_LH3_magnitude_energy,-0.017225246876478195,-0.012794159352779388,-0.3512665860571668,0.5,0.3828125,0.5174701633165829,0.3512665860571668
qwt_LL1_phase_gb_std,-0.0038074921467341483,0.00040142214857041836,-0.33411497340132706,0.625,0.40625,0.5383312807881774,0.33411497340132706
hsv_value_mean,0.008281577378511429,0.00516355037689209,0.331761667303931,0.5,0.40625,0.5383312807881774,0.331761667303931
glcm_homogeneity_std,-0.003054115177710398,-0.002709980074831194,-0.3313497436347873,0.5,0.375,0.509469696969697,0.3313497436347873
qwt_LL3_quaternion_skewness,0.0605048593133688,0.02077604830265045,0.3277642001106106,0.625,0.3515625,0.4825015943877551,0.3277642001106106
glcm_entropy_std,0.017077896965833745,0.02365667108136439,0.32475021037899937,0.75,0.390625,0.525390625,0.32475021037899937
intensity_p50,0.009749757125973701,0.005292147397994995,0.3125321012324192,0.5,0.4375,0.5712985436893204,0.3125321012324192
rgb_corr_gb,0.02949709076643297,0.0008486401755667394,0.3083182952843794,0.625,0.6484375,0.7583899456521739,0.3083182952843794
synth_r_p2_d_mean,0.008028345182538033,0.011266565416008234,0.30532192818954174,0.75,0.3984375,0.5332322761194029,0.30532192818954174
synth_g_fft_highfreq_ratio,0.004816347733139992,0.0015735775232315063,0.2884174868941628,0.5,0.5234375,0.6579658294392523,0.2884174868941628
synth_r_fft_highfreq_ratio,0.004846489056944847,0.0032277852296829224,0.28809759174365945,0.5,0.515625,0.6511883802816901,0.28809759174365945
qwt_LL1_phase_rg_circular_coherence,0.00032698363065719604,3.790855407714844e-05,0.2880218437751095,0.5,0.671875,0.7723691239316239,0.2880218437751095
qwt_LL1_magnitude_std,-0.019798407331109047,-0.023120462894439697,-0.2870965017229741,0.25,0.421875,0.5562959558823529,0.2870965017229741
qwt_LL2_phase_gb_std,-0.0032506290008313954,0.0008087258320301771,-0.28248090190424874,0.625,0.5078125,0.6443469929245284,0.28248090190424874
intensity_p99,0.00985988974571228,-0.003760784864425659,0.26665536160409126,0.5,0.484375,0.6204613095238095,0.26665536160409126
hsv_saturation_mean,0.008353390730917454,0.012564055621623993,0.2661605124041035,0.625,0.4765625,0.6133747009569378,0.2661605124041035
qwt_LH3_magnitude_std,-0.019572462886571884,-0.004512995481491089,-0.26589774558970447,0.5,0.5078125,0.6443469929245284,0.26589774558970447
synth_b_p8_d_mean,0.0057441407116129994,0.011081453878432512,0.26320998738469037,0.625,0.4296875,0.5638338414634146,0.26320998738469037
synth_r_p8_y_mean,0.010820343275554478,0.008959159255027771,0.2622772180935051,0.75,0.4609375,0.598996074879227,0.2622772180935051
synth_g_p8_y_mean,0.009826237801462412,0.010256791487336159,0.25505850697778454,0.75,0.4765625,0.6133747009569378,0.25505850697778454
qwt_LL1_phase_gb_circular_coherence,0.00038154423236846924,-3.3974647521972656e-06,0.2548581958065786,0.375,0.625,0.7472222222222222,0.2548581958065786
qwt_LL2_phase_rg_circular_coherence,0.00026876479387283325,-1.0728836059570312e-06,0.25444440088880826,0.5,0.8046875,0.8763600708502024,0.25444440088880826
qwt_LL1_phase_rb_circular_coherence,0.0009687840938568115,-6.848573684692383e-05,0.24826754304294094,0.375,0.8125,0.8777610441767069,0.24826754304294094
hsv_saturation_std,-0.005381769267842174,0.005495406687259674,-0.24368819143794082,0.625,0.5390625,0.6713324652777778,0.24368819143794082
qwt_LL3_phase_gb_std,-0.0027244541561231017,0.001181465107947588,-0.23990665197356967,0.75,0.59375,0.7259943181818181,0.23990665197356967
qwt_LL2_phase_rb_circular_coherence,0.0008905678987503052,-0.0001455843448638916,0.235945188776271,0.25,0.875,0.9230392156862746,0.235945188776271
qwt_LL3_phase_rg_circular_coherence,0.0002091825008392334,-2.7000904083251953e-05,0.22846914473868604,0.375,0.875,0.9230392156862746,0.22846914473868604
qwt_LL3_phase_rb_circular_coherence,0.0007904991507530212,-0.0002060532569885254,0.22424671719777783,0.25,0.875,0.9230392156862746,0.22424671719777783
qwt_LL2_phase_gb_circular_coherence,0.00033076852560043335,-1.9103288650512695e-05,0.22261043545060674,0.375,0.6953125,0.7858784138655462,0.22261043545060674
r_entropy,-0.07626098394393921,-0.14437150955200195,-0.21118058167387896,0.375,0.578125,0.716661866359447,0.21118058167387896
g_entropy,-0.07475054264068604,-0.1318528652191162,-0.20876192718679765,0.375,0.5390625,0.6713324652777778,0.20876192718679765
synth_b_fft_highfreq_ratio,0.0035648811608552933,0.0015504732728004456,0.19773922943354952,0.5,0.6640625,0.7666644313304721,0.19773922943354952
b_std,-0.004572800360620022,-0.0034165456891059875,-0.19326442213759884,0.5,0.59375,0.7259943181818181,0.19326442213759884
qwt_LL3_phase_gb_circular_coherence,0.0002756565809249878,-3.9458274841308594e-05,0.19250976520419913,0.25,0.75,0.8336776859504132,0.19250976520419913
qwt_LL2_magnitude_std,-0.02760300785303116,-0.038379669189453125,-0.18989672789915119,0.25,0.5859375,0.723014621559633,0.18989672789915119
r_mean,0.004029527306556702,0.006416991353034973,0.18986827386775756,0.625,0.609375,0.7383868243243243,0.18986827386775756
qwt_LL1_magnitude_entropy,-0.0688813328742981,-0.07273030281066895,-0.18390026179189384,0.25,0.6171875,0.7444997197309418,0.18390026179189384
intensity_mean,0.004319392144680023,0.007017567753791809,0.179458907248034,0.625,0.6015625,0.732218608597285,0.179458907248034
intensity_entropy,-0.06569772958755493,-0.15027713775634766,-0.17439788343971493,0.375,0.625,0.7472222222222222,0.17439788343971493
qwt_LL1_phase_rg_std,-0.001607291225809604,0.0010968807619065046,-0.17095093951350415,0.5,0.640625,0.7583899456521739,0.17095093951350415
qwt_LL3_magnitude_mean,0.05933862924575806,0.08891105651855469,0.16927181609262126,0.625,0.6484375,0.7583899456521739,0.16927181609262126
qwt_LL2_magnitude_mean,0.02935326099395752,0.043311119079589844,0.1674364263126727,0.625,0.6484375,0.7583899456521739,0.1674364263126727
g_mean,0.004392523318529129,0.00403439998626709,0.16663022051314746,0.625,0.6640625,0.7666644313304721,0.16663022051314746
qwt_LL1_magnitude_mean,0.014546871185302734,0.021241426467895508,0.1659412240030974,0.625,0.6484375,0.7583899456521739,0.1659412240030974
synth_r_p8_d_mean,0.003387768112588674,0.005302362143993378,0.16511665337134068,0.75,0.65625,0.7642045454545454,0.16511665337134068
ela_max,-0.003758169710636139,0.0,-0.16393717471767555,0.375,0.75,0.8336776859504132,0.16393717471767555
synth_b_p8_y_mean,0.006158100673928857,0.005542357452213764,0.16209877552040405,0.625,0.6796875,0.7780252659574468,0.16209877552040405
rgb_corr_rb,0.018514501068030015,-0.0025414411524227187,0.15760595027351706,0.375,0.7265625,0.81435546875,0.15760595027351706
b_mean,0.004703141748905182,0.0022345036268234253,0.14092440499167722,0.5,0.6953125,0.7858784138655462,0.14092440499167722
qwt_LL3_quaternion_kurtosis,0.025536522269248962,0.0296362042427063,0.1405621716985586,0.5,0.6953125,0.7858784138655462,0.1405621716985586
synth_g_p2_d_mean,0.003986500843893737,0.00392879918217659,0.13998311275167072,0.75,0.71875,0.8089696652719666,0.13998311275167072
qwt_LL2_phase_rg_std,-0.0009309054003097117,0.0012333074118942022,-0.10997402440945989,0.5,0.7890625,0.8699090676229508,0.10997402440945989
qwt_LL1_phase_rb_std,-0.0017999467090703547,0.0015647746622562408,-0.10449891117347032,0.625,0.859375,0.9210034860557769,0.10449891117347032
qwt_LL3_magnitude_std,-0.032589323818683624,-0.061448097229003906,-0.10375839836371616,0.25,0.78125,0.8648405349794238,0.10375839836371616
synth_g_p8_d_mean,0.0022323092562146485,0.006200217641890049,0.10075491402730273,0.625,0.796875,0.8749362244897959,0.10075491402730273
synth_b_p8_x_mean,0.007445439230650663,-0.004287365823984146,0.09743348043213841,0.5,0.9140625,0.9493544884169884,0.09743348043213841
qwt_LL1_quaternion_kurtosis,0.02595040202140808,0.0711965560913086,0.09607644801408768,0.75,0.8125,0.8777610441767069,0.09607644801408768
intensity_p01,0.005769803537987173,0.018521567806601524,0.09535808025821799,0.625,0.8046875,0.8763600708502024,0.09535808025821799
qwt_LL2_phase_rb_std,-0.0013052545837126672,0.0021039247512817383,-0.07747877422723921,0.75,0.8984375,0.9367429748062015,0.07747877422723921
LL3_entropy,-0.02814239263534546,-0.14962077140808105,-0.06876478430274341,0.375,0.8671875,0.9230392156862746,0.06876478430274341
qwt_LL3_phase_rg_std,-0.00042347441194579005,0.0011678508017212152,-0.05721295310919616,0.625,0.890625,0.93585205078125,0.05721295310919616
qwt_LL3_phase_rb_std,-0.0008354767342098057,0.002872791141271591,-0.05208892526848314,0.75,0.921875,0.9537860576923077,0.05208892526848314
qwt_LL2_quaternion_kurtosis,-0.012146055698394775,-9.363889694213867e-05,-0.04807279923080886,0.5,0.8984375,0.9367429748062015,0.04807279923080886
rgb_corr_rg,0.0008740667613252595,-0.0009069354713802658,0.03676597856394885,0.375,0.859375,0.9210034860557769,0.03676597856394885
b_entropy,0.011642754077911377,-0.05071830749511719,0.03372913988908449,0.5,0.9296875,0.9581836685823755,0.03372913988908449
qwt_LL3_magnitude_entropy,0.011034131050109863,-0.025116443634033203,0.02663183823847581,0.5,0.96875,0.9908507604562737,0.02663183823847581
qwt_LL3_magnitude_energy,0.07019901275634766,0.5867195129394531,0.013302895065748941,0.5,0.96875,0.9908507604562737,0.013302895065748941
synth_g_p8_x_mean,0.000990200787782669,-0.02126380428671837,0.012783968674512237,0.375,0.9765625,0.9950580018939394,0.012783968674512237
qwt_LL1_magnitude_energy,-0.004146158695220947,0.029056072235107422,-0.01258537817513997,0.5,0.984375,0.9992334905660377,0.01258537817513997
qwt_LL2_magnitude_entropy,-0.004891932010650635,0.01663494110107422,-0.011763386475027992,0.625,0.9921875,0.9996196161048689,0.011763386475027992
synth_r_p8_x_mean,-0.0006879486609250307,-0.024297784082591534,-0.008674166900596247,0.375,1.0,1.0,0.008674166900596247
LL3_energy,-0.005081653594970703,0.18476629257202148,-0.0030261106084263456,0.5,0.9921875,0.9996196161048689,0.0030261106084263456
qwt_LL2_magnitude_energy,0.00357973575592041,0.1342453956604004,0.0027236828210701843,0.5,1.0,1.0,0.0027236828210701843
